model,weighted_mae,weighted_mase,worst_horizon_mase,stability_score,error_std,worst_fold_error,mae_h1,rmse_h1,mape_h1,smape_h1,mase_h1,r2_h1,mae_h2,rmse_h2,mape_h2,smape_h2,mase_h2,r2_h2,mae_h4,rmse_h4,mape_h4,smape_h4,mase_h4,r2_h4,configuration,panel,fs_option,n_features,n_folds,total_runtime_seconds
ridge,6444.289389759954,0.8868730159181462,0.9637511214423332,0.0009417453324773718,1060.8581961743123,7605.754682591534,6713.493769777482,7861.706963004108,6.651373731694428,6.460796945454263,0.951229126531699,0.0027964442157855096,5399.348728023982,6726.549036349304,5.448946538914768,5.297144927664863,0.7283607612127667,0.2403510347174177,7338.689432320092,8016.62598842793,7.239492159857836,7.087868522986293,0.9637511214423332,0.1439020228556921,A1,panel2_common_period,all_features,5,7,0.004899501800537109
random_forest,4833.104277955593,0.6674802736436459,0.7414042587880736,0.0005249255424376195,1904.0320838956638,7797.502271942794,5232.611926433011,6327.233498901585,5.155592954164911,4.9698875889511855,0.7414042587880736,0.35408132922276137,5277.985311404376,7118.400579521516,5.202265279614257,4.987283289008901,0.7119890921531931,0.1492672083797152,3167.013606588869,3824.957950908636,3.0567648972549994,3.0384765443480353,0.415907083018256,0.8051082045291527,A1,panel2_common_period,all_features,5,7,0.6525604724884033
catboost,4083.02744872865,0.5635493014196867,0.6397733996929955,0.0007954875829957596,1256.0906465114874,6675.872060880065,4515.331388735764,6144.2635129889495,4.415685808758842,4.252635635486788,0.6397733996929955,0.39089834267878365,3682.536893838038,4645.746177216195,3.6838283830377385,3.6272427846915978,0.4967664639382517,0.6376408085192332,3603.0034310467836,4312.9220509932065,3.4832136716827846,3.4611841011760736,0.47316331195856715,0.7522101890081834,A1,panel2_common_period,all_features,5,7,7.777946472167969
lightgbm,4482.183123589145,0.6215013381316965,0.7684304184744657,0.0004865090561307554,2054.4601962665984,8256.701636957683,5423.35456626066,7370.793971394704,5.412889394256518,5.148686784820448,0.7684304184744657,0.12344603508960572,4454.452846663013,5113.983480426727,4.387581555642815,4.31766255703931,0.6008962987225367,0.560916651875847,2170.8499322995576,2930.3099594459172,2.1862862031073433,2.1509761152797324,0.2850861963885131,0.8856154550956558,A1,panel2_common_period,all_features,5,7,0.03897356986999512
lstm,7444.709190340882,1.0232933600118486,1.0636346577877864,0.0010648350608467496,938.1125788108507,8965.094270833293,7305.245880681789,8055.45079846222,7.107536768105874,7.017485205746826,1.0350739713892,-0.04695933458283719,7240.7714843749745,7956.177993622606,7.189476646099297,7.043973891686376,0.9767648091989709,-0.06276515455437637,8099.274023437476,8696.15823780894,7.7855335430118995,7.806824637352067,1.0636346577877864,-0.007384104142778458,A1,panel2_common_period,all_features,5,7,1.8750584125518799
ridge,5040.861534418258,0.693615661374707,0.7895640784449562,0.0008661432161307412,1153.543476617213,6797.903980321866,5274.645856967129,6090.408147158313,5.228537661572171,5.09491445734137,0.7473600100552693,0.40152927647706893,4003.5921080345543,5449.735697568692,4.038834073691904,3.943206198703368,0.5400761355269367,0.5013690793097744,6012.304867621639,6448.140146524193,5.903842357020445,5.814075177243586,0.7895640784449562,0.4461283167429724,A2,panel2_common_period,all_features,19,7,0.005169391632080078
random_forest,5521.774766407807,0.7587734067531224,0.8331840311395083,0.0009107634512293204,1096.9799405106023,7475.391668342683,5211.505863302915,6194.7273302287085,4.99768860990355,4.957635724865066,0.7384137589553121,0.3808519567981117,6176.4051254662045,7730.873162692051,5.864292641219328,5.968713931122773,0.8331840311395083,-0.003426165615217469,5315.501485582437,5756.123463895715,5.158129665976844,5.110651013204412,0.6980565896680692,0.5586324220602928,A2,panel2_common_period,all_features,19,7,0.7689387798309326
catboost,5302.3702026712435,0.73104154783291,0.8141915883092965,0.0008918512827784007,1120.2631739281483,7223.730160080745,5746.323365275487,7024.907232120858,5.614395283302502,5.406245091538196,0.8141915883092965,0.2037832646005162,4599.699812652549,5608.367512163881,4.489812091879225,4.414004452304372,0.6204898082439527,0.4719181328094416,5246.492881188678,6379.437408603837,4.8799285139612305,4.987217708222549,0.688994056025379,0.45786806867588414,A2,panel2_common_period,all_features,19,7,9.977355003356934
lightgbm,7287.26361330239,1.0061935042533556,1.1641222691782886,0.0004143528187616436,2412.4021894400335,10777.30163908334,8216.030589689082,9389.602556290187,7.997872408958264,7.6926040756138345,1.1641222691782886,-0.42247464566441684,6174.264911162267,8169.5201809202745,5.8179087134512875,6.048407606029929,0.8328953207416258,-0.12052467725743976,6634.844225545843,7240.791559835912,6.460266388278335,6.266222699969973,0.8713188672086175,0.301586995109725,A2,panel2_common_period,all_features,19,7,0.08538818359375
lstm,3934.3362198153554,0.5406113401031603,0.6540561081810592,0.0010542905662710494,947.5051199281131,5869.535156250022,3957.1275568182014,4660.054949571341,3.7280146005571613,3.7019715920729905,0.5606819814731809,0.6496257427548517,3198.941210937519,3836.007664952076,3.130061814775388,3.1052842745185125,0.4315304257678597,0.7529486348027058,4980.450390624996,5516.233864507992,4.869041681002249,4.811617073422736,0.6540561081810592,0.5946543035205454,A2,panel2_common_period,all_features,19,7,0.963580846786499
ridge,6057.423378806219,0.8365189532774181,1.0019939718224626,0.0005902149769106057,1693.297906898863,8757.281916411506,7071.777029906294,8407.700899900961,6.728233182333463,6.765564119371338,1.0019939718224626,-0.14052450682879147,4088.0065384644386,5490.177299836947,4.017210920405932,4.011484192185736,0.5514634642405154,0.4939411023592887,6475.664511568704,7265.368411282597,6.429303421824632,6.269753985673641,0.8504146404701605,0.2968378117965612,A3,panel2_common_period,all_features,17,7,0.005831003189086914
random_forest,5059.489449772412,0.6951848534283934,0.7743278724309661,0.0007401525625603624,1350.0728065856638,7128.326922660672,4746.188284338629,5257.102044255702,4.659878447130109,4.5804310680360585,0.6724833135900947,0.5540943977406119,5740.103580157513,6879.275879055586,5.499658905003776,5.578575967710811,0.7743278724309661,0.2054636369133841,4821.821167779215,6149.7956328788605,4.845185331784173,4.675886798832013,0.6332241745202809,0.4961960203120338,A3,panel2_common_period,all_features,17,7,0.9593570232391357
catboost,4871.4737876686595,0.6710260720848831,0.7112565327212924,0.0010022761116670138,996.7290572522695,6673.643205450145,5019.838194555964,5959.8749637085875,4.90932787871093,4.794915255359335,0.7112565327212924,0.42690791352573343,4913.7695706199975,5754.499490747754,4.744516629882832,4.774016056999556,0.6628571565131576,0.44404013923894015,4437.119096023389,5106.133277961725,4.381078861543927,4.279435524894018,0.5827032938514483,0.6526842172160628,A3,panel2_common_period,all_features,17,7,7.339575290679932
lightgbm,3440.133179309815,0.4735881637664676,0.49350156803942685,0.0008989654052717837,1111.3898585370707,5681.27445439096,3482.9880730084046,5238.086015168251,3.5365364509834456,3.399975063755609,0.49350156803942685,0.5573144296289744,3511.435379212111,3990.0129988724866,3.38718255893566,3.40165766981715,0.47368523030894943,0.7327135476817176,3226.042645209898,3621.3236349239723,3.0972613221749037,3.1122794655826227,0.423659053270347,0.8253072407399,A3,panel2_common_period,all_features,17,7,0.08653950691223145
lstm,7469.7052485795175,1.0266021214971484,1.066685007175954,0.0011417175939396874,874.8733379498277,8784.380729166625,7291.5356534090615,8000.665432989125,7.099077256010432,7.003867392888481,1.033131381143284,-0.03276695620658976,7331.4570312499745,8224.32048149414,7.32854641535715,7.129686657232695,0.9889980983010519,-0.1356078246782746,8122.501562499976,8704.819212957374,7.865676091117829,7.829961641872011,1.066685007175954,-0.009391720211114452,A3,panel2_common_period,all_features,17,7,1.4306187629699707
ridge,5080.795835307756,0.7002759110579904,0.7899954335991523,0.0008767023319127107,1139.6380063097238,7172.813291325245,5575.5540633603905,6626.362965800719,5.316466364847506,5.30272207798437,0.7899954335991523,0.2915641066979946,3869.740873225699,5084.017218349374,3.8148142821378586,3.800653033248755,0.5220198861188111,0.566047343781513,5660.482708299254,6288.2729356115315,5.57337929267542,5.474815677418727,0.743361142113855,0.47325188111840966,A4,panel2_common_period,all_features,31,7,0.005666971206665039
random_forest,5194.518166837927,0.7133608912032987,0.747761795663726,0.0009169904616706949,1089.5238841613111,7218.873054489166,4872.493064455126,5773.479041482252,4.688967127149579,4.683486238527782,0.6903793286587101,0.4621944226199589,5543.168873566579,7150.586750636254,5.293991052556856,5.407023857674012,0.747761795663726,0.1415565618676653,5476.604862701952,5774.579178645161,5.3770339791421815,5.286698827004996,0.7192134408741289,0.5557975930531774,A4,panel2_common_period,all_features,31,7,0.7931771278381348
catboost,4363.83027249682,0.600657618126648,0.6316797173232211,0.002067873295482228,482.58862324144474,5041.501955434604,4458.208572950931,5501.257130235199,4.336309955768951,4.25741500535,0.6316797173232211,0.511714302393004,4175.088517221977,5459.377888623773,4.1341925424561135,4.07050832631858,0.5632106396001199,0.4996030678322759,4410.997154273806,4915.289881617015,4.229901879363342,4.226654438322594,0.5792728379250073,0.6781611278676123,A4,panel2_common_period,all_features,31,7,7.457256555557251
lightgbm,5542.967461204194,0.7666706986376491,0.8871811806030867,0.00041507254365282474,2408.217413417787,9280.827468672465,6261.462314930673,7866.237780096481,5.971370784602851,5.958195190652275,0.8871811806030867,0.0016467069199092021,5871.412684681753,8306.638974963835,5.565513663799985,5.8038578911473255,0.7920411938226822,-0.15845454156414518,3254.062491671655,3948.26920302808,3.185888850213201,3.1476527433870665,0.4273387509465059,0.7923395748059627,A4,panel2_common_period,all_features,31,7,0.07291173934936523
lstm,5207.212134232964,0.7176465887566781,0.7914591667744982,0.0006751258119731574,1480.2054024084025,7253.613281250022,5585.884659090918,6377.55971411678,5.36690583933731,5.3222990684906435,0.7914591667744982,0.3437653137266581,4537.266406250019,5554.691662457785,4.594449576117153,4.449157636064454,0.6120676733341569,0.4819779590792501,5265.449414062496,6245.326926101765,5.2630250085442585,5.117602447987106,0.6914835168459091,0.48042220656491563,A4,panel2_common_period,all_features,31,7,1.2728016376495361
