run_id,configuration,panel,fs_option,model,horizon,fold_id,target_date,actual,predicted,residual
full_run_stage1,A1,panel2_common_period,all_features,ridge,1,0,2022-07-01,100142.10000000003,108926.89418157816,8784.794181578123
full_run_stage1,A1,panel2_common_period,all_features,ridge,1,0,2022-10-01,109987.89999999998,110689.10960881294,701.209608812962
full_run_stage1,A1,panel2_common_period,all_features,ridge,1,0,2023-01-01,109706.89999999992,109669.78483618543,-37.115163814494736
full_run_stage1,A1,panel2_common_period,all_features,ridge,1,0,2023-04-01,95012.50000000006,107897.32585003535,12884.825850035297
full_run_stage1,A1,panel2_common_period,all_features,ridge,1,1,2023-07-01,92715.50000000001,107556.42382105198,14840.923821051969
full_run_stage1,A1,panel2_common_period,all_features,ridge,1,1,2023-10-01,106259.39999999992,109507.18240761108,3247.7824076111574
full_run_stage1,A1,panel2_common_period,all_features,ridge,1,1,2024-01-01,114491.90000000008,107658.67438887699,-6833.225611123096
full_run_stage1,A1,panel2_common_period,all_features,ridge,1,1,2024-04-01,98590.0,105791.39671810322,7201.39671810322
full_run_stage1,A1,panel2_common_period,all_features,ridge,1,2,2024-07-01,95843.10000000003,106256.28144067495,10413.181440674918
full_run_stage1,A1,panel2_common_period,all_features,ridge,1,2,2024-10-01,111622.30000000002,108489.96117665597,-3132.338823344049
full_run_stage1,A1,panel2_common_period,all_features,ridge,1,2,2025-01-01,115136.6999999999,106725.84006928028,-8410.859930719613
full_run_stage1,A1,panel2_common_period,all_features,ridge,2,3,2022-10-01,109987.89999999998,108644.15292681768,-1343.7470731822978
full_run_stage1,A1,panel2_common_period,all_features,ridge,2,3,2023-01-01,109706.89999999992,109875.07515785463,168.17515785471187
full_run_stage1,A1,panel2_common_period,all_features,ridge,2,3,2023-04-01,95012.50000000006,105332.44187061985,10319.94187061979
full_run_stage1,A1,panel2_common_period,all_features,ridge,2,3,2023-07-01,92715.50000000001,105254.49380175036,12538.993801750345
full_run_stage1,A1,panel2_common_period,all_features,ridge,2,4,2023-10-01,106259.39999999992,105117.09977571452,-1142.3002242853981
full_run_stage1,A1,panel2_common_period,all_features,ridge,2,4,2024-01-01,114491.90000000008,105832.76047727349,-8659.13952272659
full_run_stage1,A1,panel2_common_period,all_features,ridge,2,4,2024-04-01,98590.0,102964.20757491574,4374.2075749157375
full_run_stage1,A1,panel2_common_period,all_features,ridge,2,4,2024-07-01,95843.10000000003,101123.59796697751,5280.497966977477
full_run_stage1,A1,panel2_common_period,all_features,ridge,4,5,2023-04-01,95012.50000000006,105336.53178605154,10324.031786051477
full_run_stage1,A1,panel2_common_period,all_features,ridge,4,5,2023-07-01,92715.50000000001,103975.9991764403,11260.49917644028
full_run_stage1,A1,panel2_common_period,all_features,ridge,4,5,2023-10-01,106259.39999999992,107248.83804438173,989.4380443818081
full_run_stage1,A1,panel2_common_period,all_features,ridge,4,5,2024-01-01,114491.90000000008,107461.67664150744,-7030.2233584926435
full_run_stage1,A1,panel2_common_period,all_features,ridge,4,6,2024-04-01,98590.0,105779.52760570326,7189.527605703261
full_run_stage1,A1,panel2_common_period,all_features,ridge,4,6,2024-07-01,95843.10000000003,104631.515202117,8788.415202116972
full_run_stage1,A1,panel2_common_period,all_features,ridge,4,6,2024-10-01,111622.30000000002,106447.72958973738,-5174.570410262633
full_run_stage1,A1,panel2_common_period,all_features,ridge,4,6,2025-01-01,115136.6999999999,107761.30598959303,-7375.394010406861
full_run_stage1,A1,panel2_common_period,all_features,random_forest,1,0,2022-07-01,100142.10000000003,104603.09373192866,4460.9937319286255
full_run_stage1,A1,panel2_common_period,all_features,random_forest,1,0,2022-10-01,109987.89999999998,115519.9963764099,5532.096376409914
full_run_stage1,A1,panel2_common_period,all_features,random_forest,1,0,2023-01-01,109706.89999999992,120304.6678450366,10597.76784503668
full_run_stage1,A1,panel2_common_period,all_features,random_forest,1,0,2023-04-01,95012.50000000006,101264.07526337316,6251.575263373103
full_run_stage1,A1,panel2_common_period,all_features,random_forest,1,1,2023-07-01,92715.50000000001,98738.62038782283,6023.120387822812
full_run_stage1,A1,panel2_common_period,all_features,random_forest,1,1,2023-10-01,106259.39999999992,118534.25834890959,12274.858348909664
full_run_stage1,A1,panel2_common_period,all_features,random_forest,1,1,2024-01-01,114491.90000000008,118240.22236205153,3748.3223620514473
full_run_stage1,A1,panel2_common_period,all_features,random_forest,1,1,2024-04-01,98590.0,96750.10003798039,-1839.8999620196118
full_run_stage1,A1,panel2_common_period,all_features,random_forest,1,2,2024-07-01,95843.10000000003,108920.12443191578,13077.02443191575
full_run_stage1,A1,panel2_common_period,all_features,random_forest,1,2,2024-10-01,111622.30000000002,112810.2739986918,1187.9739986917848
full_run_stage1,A1,panel2_common_period,all_features,random_forest,1,2,2025-01-01,115136.6999999999,114055.57770161332,-1081.1222983865737
full_run_stage1,A1,panel2_common_period,all_features,random_forest,2,3,2022-10-01,109987.89999999998,115153.40464549289,5165.504645492911
full_run_stage1,A1,panel2_common_period,all_features,random_forest,2,3,2023-01-01,109706.89999999992,115792.01764282546,6085.117642825542
full_run_stage1,A1,panel2_common_period,all_features,random_forest,2,3,2023-04-01,95012.50000000006,94390.65037073864,-621.8496292614145
full_run_stage1,A1,panel2_common_period,all_features,random_forest,2,3,2023-07-01,92715.50000000001,111957.16724506048,19241.667245060467
full_run_stage1,A1,panel2_common_period,all_features,random_forest,2,4,2023-10-01,106259.39999999992,108484.54537704002,2225.1453770400985
full_run_stage1,A1,panel2_common_period,all_features,random_forest,2,4,2024-01-01,114491.90000000008,107833.20766609366,-6658.692333906423
full_run_stage1,A1,panel2_common_period,all_features,random_forest,2,4,2024-04-01,98590.0,95028.10415628806,-3561.8958437119436
full_run_stage1,A1,panel2_common_period,all_features,random_forest,2,4,2024-07-01,95843.10000000003,93630.17870879502,-2212.9212912050134
full_run_stage1,A1,panel2_common_period,all_features,random_forest,4,5,2023-04-01,95012.50000000006,97540.27135192632,2527.7713519262616
full_run_stage1,A1,panel2_common_period,all_features,random_forest,4,5,2023-07-01,92715.50000000001,96872.72457728496,4157.224577284942
full_run_stage1,A1,panel2_common_period,all_features,random_forest,4,5,2023-10-01,106259.39999999992,110851.48621949922,4592.086219499295
full_run_stage1,A1,panel2_common_period,all_features,random_forest,4,5,2024-01-01,114491.90000000008,107856.58772938723,-6635.312270612849
full_run_stage1,A1,panel2_common_period,all_features,random_forest,4,6,2024-04-01,98590.0,100788.43527666603,2198.4352766660304
full_run_stage1,A1,panel2_common_period,all_features,random_forest,4,6,2024-07-01,95843.10000000003,100278.10273040326,4435.002730403226
full_run_stage1,A1,panel2_common_period,all_features,random_forest,4,6,2024-10-01,111622.30000000002,111729.52040384305,107.22040384303546
full_run_stage1,A1,panel2_common_period,all_features,random_forest,4,6,2025-01-01,115136.6999999999,112375.03162004934,-2761.6683799505554
full_run_stage1,A1,panel2_common_period,all_features,lightgbm,1,0,2022-07-01,100142.10000000003,98775.71586658462,-1366.384133415413
full_run_stage1,A1,panel2_common_period,all_features,lightgbm,1,0,2022-10-01,109987.89999999998,111001.75628685298,1013.8562868529989
full_run_stage1,A1,panel2_common_period,all_features,lightgbm,1,0,2023-01-01,109706.89999999992,113052.3133075986,3345.4133075986756
full_run_stage1,A1,panel2_common_period,all_features,lightgbm,1,0,2023-04-01,95012.50000000006,98484.53245896063,3472.0324589605734
full_run_stage1,A1,panel2_common_period,all_features,lightgbm,1,1,2023-07-01,92715.50000000001,86013.3002981541,-6702.199701845908
full_run_stage1,A1,panel2_common_period,all_features,lightgbm,1,1,2023-10-01,106259.39999999992,107768.94538456485,1509.5453845649317
full_run_stage1,A1,panel2_common_period,all_features,lightgbm,1,1,2024-01-01,114491.90000000008,128089.7972813578,13597.897281357713
full_run_stage1,A1,panel2_common_period,all_features,lightgbm,1,1,2024-04-01,98590.0,113887.5254976639,15297.525497663897
full_run_stage1,A1,panel2_common_period,all_features,lightgbm,1,2,2024-07-01,95843.10000000003,113542.41166773105,17699.311667731017
full_run_stage1,A1,panel2_common_period,all_features,lightgbm,1,2,2024-10-01,111622.30000000002,110728.74287165415,-893.5571283458703
full_run_stage1,A1,panel2_common_period,all_features,lightgbm,1,2,2025-01-01,115136.6999999999,113748.87579599621,-1387.8242040036857
full_run_stage1,A1,panel2_common_period,all_features,lightgbm,2,3,2022-10-01,109987.89999999998,108714.09722344436,-1273.802776555618
full_run_stage1,A1,panel2_common_period,all_features,lightgbm,2,3,2023-01-01,109706.89999999992,115826.88800924727,6119.988009247347
full_run_stage1,A1,panel2_common_period,all_features,lightgbm,2,3,2023-04-01,95012.50000000006,99361.88014306618,4349.380143066126
full_run_stage1,A1,panel2_common_period,all_features,lightgbm,2,3,2023-07-01,92715.50000000001,94551.50257369394,1836.0025736939278
full_run_stage1,A1,panel2_common_period,all_features,lightgbm,2,4,2023-10-01,106259.39999999992,112275.23768837088,6015.837688370957
full_run_stage1,A1,panel2_common_period,all_features,lightgbm,2,4,2024-01-01,114491.90000000008,100312.09695378189,-14179.803046218192
full_run_stage1,A1,panel2_common_period,all_features,lightgbm,2,4,2024-04-01,98590.0,99297.1077173107,707.1077173107042
full_run_stage1,A1,panel2_common_period,all_features,lightgbm,2,4,2024-07-01,95843.10000000003,85797.03256212783,-10046.067437872203
full_run_stage1,A1,panel2_common_period,all_features,lightgbm,4,5,2023-04-01,95012.50000000006,94078.93440905263,-933.5655909474299
full_run_stage1,A1,panel2_common_period,all_features,lightgbm,4,5,2023-07-01,92715.50000000001,93846.31096524993,1130.8109652499115
full_run_stage1,A1,panel2_common_period,all_features,lightgbm,4,5,2023-10-01,106259.39999999992,105698.62656207506,-560.7734379248577
full_run_stage1,A1,panel2_common_period,all_features,lightgbm,4,5,2024-01-01,114491.90000000008,118868.57209016505,4376.672090164968
full_run_stage1,A1,panel2_common_period,all_features,lightgbm,4,6,2024-04-01,98590.0,84132.25309553738,-14457.74690446262
full_run_stage1,A1,panel2_common_period,all_features,lightgbm,4,6,2024-07-01,95843.10000000003,98614.68297291745,2771.5829729174147
full_run_stage1,A1,panel2_common_period,all_features,lightgbm,4,6,2024-10-01,111622.30000000002,113881.81045748752,2259.5104574875004
full_run_stage1,A1,panel2_common_period,all_features,lightgbm,4,6,2025-01-01,115136.6999999999,121804.62621120905,6667.926211209153
full_run_stage1,A1,panel2_common_period,all_features,catboost,1,0,2022-07-01,100142.10000000003,102079.7673236878,1937.6673236877687
full_run_stage1,A1,panel2_common_period,all_features,catboost,1,0,2022-10-01,109987.89999999998,115729.20007149215,5741.300071492165
full_run_stage1,A1,panel2_common_period,all_features,catboost,1,0,2023-01-01,109706.89999999992,113220.85998696984,3513.959986969916
full_run_stage1,A1,panel2_common_period,all_features,catboost,1,0,2023-04-01,95012.50000000006,102069.72859696989,7057.228596969828
full_run_stage1,A1,panel2_common_period,all_features,catboost,1,1,2023-07-01,92715.50000000001,96371.18375767628,3655.6837576762628
full_run_stage1,A1,panel2_common_period,all_features,catboost,1,1,2023-10-01,106259.39999999992,116035.99799106155,9776.59799106163
full_run_stage1,A1,panel2_common_period,all_features,catboost,1,1,2024-01-01,114491.90000000008,114734.30916384244,242.40916384235607
full_run_stage1,A1,panel2_common_period,all_features,catboost,1,1,2024-04-01,98590.0,98200.22755907197,-389.7724409280345
full_run_stage1,A1,panel2_common_period,all_features,catboost,1,2,2024-07-01,95843.10000000003,113250.17788994533,17407.0778899453
full_run_stage1,A1,panel2_common_period,all_features,catboost,1,2,2024-10-01,111622.30000000002,112963.75952499191,1341.459524991893
full_run_stage1,A1,panel2_common_period,all_features,catboost,1,2,2025-01-01,115136.6999999999,113651.93907423089,-1484.7609257690056
full_run_stage1,A1,panel2_common_period,all_features,catboost,2,3,2022-10-01,109987.89999999998,112004.75468833555,2016.8546883355739
full_run_stage1,A1,panel2_common_period,all_features,catboost,2,3,2023-01-01,109706.89999999992,112676.21311627817,2969.313116278252
full_run_stage1,A1,panel2_common_period,all_features,catboost,2,3,2023-04-01,95012.50000000006,95511.13044996097,498.6304499609105
full_run_stage1,A1,panel2_common_period,all_features,catboost,2,3,2023-07-01,92715.50000000001,103900.70867824495,11185.208678244933
full_run_stage1,A1,panel2_common_period,all_features,catboost,2,4,2023-10-01,106259.39999999992,100427.98758187574,-5831.412418124179
full_run_stage1,A1,panel2_common_period,all_features,catboost,2,4,2024-01-01,114491.90000000008,109413.06497533228,-5078.835024667802
full_run_stage1,A1,panel2_common_period,all_features,catboost,2,4,2024-04-01,98590.0,95708.68282700295,-2881.317172997049
full_run_stage1,A1,panel2_common_period,all_features,catboost,2,4,2024-07-01,95843.10000000003,93322.24414133427,-2520.85585866576
full_run_stage1,A1,panel2_common_period,all_features,catboost,4,5,2023-04-01,95012.50000000006,98039.95476155204,3027.454761551984
full_run_stage1,A1,panel2_common_period,all_features,catboost,4,5,2023-07-01,92715.50000000001,101197.78479755642,8482.284797556407
full_run_stage1,A1,panel2_common_period,all_features,catboost,4,5,2023-10-01,106259.39999999992,110793.5913183896,4534.191318389683
full_run_stage1,A1,panel2_common_period,all_features,catboost,4,5,2024-01-01,114491.90000000008,107526.44868559799,-6965.451314402089
full_run_stage1,A1,panel2_common_period,all_features,catboost,4,6,2024-04-01,98590.0,105654.1621223938,7064.162122393798
full_run_stage1,A1,panel2_common_period,all_features,catboost,4,6,2024-07-01,95843.10000000003,98759.51538851747,2916.415388517431
full_run_stage1,A1,panel2_common_period,all_features,catboost,4,6,2024-10-01,111622.30000000002,112052.30932299308,430.0093229930644
full_run_stage1,A1,panel2_common_period,all_features,catboost,4,6,2025-01-01,115136.6999999999,110747.4860710913,-4389.21392890859
full_run_stage1,A1,panel2_common_period,all_features,lstm,1,0,2022-07-01,100142.10000000003,106823.9609375,6681.860937499965
full_run_stage1,A1,panel2_common_period,all_features,lstm,1,0,2022-10-01,109987.89999999998,106857.7890625,-3130.1109374999796
full_run_stage1,A1,panel2_common_period,all_features,lstm,1,0,2023-01-01,109706.89999999992,106845.2578125,-2861.6421874999214
full_run_stage1,A1,panel2_common_period,all_features,lstm,1,0,2023-04-01,95012.50000000006,106953.109375,11940.609374999942
full_run_stage1,A1,panel2_common_period,all_features,lstm,1,1,2023-07-01,92715.50000000001,106103.09375,13387.593749999985
full_run_stage1,A1,panel2_common_period,all_features,lstm,1,1,2023-10-01,106259.39999999992,106204.0234375,-55.37656249992142
full_run_stage1,A1,panel2_common_period,all_features,lstm,1,1,2024-01-01,114491.90000000008,106328.78125,-8163.1187500000815
full_run_stage1,A1,panel2_common_period,all_features,lstm,1,1,2024-04-01,98590.0,106362.3515625,7772.3515625
full_run_stage1,A1,panel2_common_period,all_features,lstm,1,2,2024-07-01,95843.10000000003,105763.3359375,9920.235937499965
full_run_stage1,A1,panel2_common_period,all_features,lstm,1,2,2024-10-01,111622.30000000002,105747.1953125,-5875.1046875000175
full_run_stage1,A1,panel2_common_period,all_features,lstm,1,2,2025-01-01,115136.6999999999,105722.6953125,-9414.004687499895
full_run_stage1,A1,panel2_common_period,all_features,lstm,2,3,2022-10-01,109987.89999999998,106661.4921875,-3326.4078124999796
full_run_stage1,A1,panel2_common_period,all_features,lstm,2,3,2023-01-01,109706.89999999992,106665.8671875,-3041.0328124999214
full_run_stage1,A1,panel2_common_period,all_features,lstm,2,3,2023-04-01,95012.50000000006,106595.6015625,11583.101562499942
full_run_stage1,A1,panel2_common_period,all_features,lstm,2,3,2023-07-01,92715.50000000001,106758.46875,14042.968749999985
full_run_stage1,A1,panel2_common_period,all_features,lstm,2,4,2023-10-01,106259.39999999992,105752.546875,-506.8531249999214
full_run_stage1,A1,panel2_common_period,all_features,lstm,2,4,2024-01-01,114491.90000000008,105849.203125,-8642.696875000081
full_run_stage1,A1,panel2_common_period,all_features,lstm,2,4,2024-04-01,98590.0,105966.171875,7376.171875
full_run_stage1,A1,panel2_common_period,all_features,lstm,2,4,2024-07-01,95843.10000000003,106033.8046875,10190.704687499965
full_run_stage1,A1,panel2_common_period,all_features,lstm,4,5,2023-04-01,95012.50000000006,105048.1171875,10035.617187499942
full_run_stage1,A1,panel2_common_period,all_features,lstm,4,5,2023-07-01,92715.50000000001,105063.5546875,12348.054687499985
full_run_stage1,A1,panel2_common_period,all_features,lstm,4,5,2023-10-01,106259.39999999992,105039.109375,-1220.2906249999214
full_run_stage1,A1,panel2_common_period,all_features,lstm,4,5,2024-01-01,114491.90000000008,105186.0625,-9305.837500000081
full_run_stage1,A1,panel2_common_period,all_features,lstm,4,6,2024-04-01,98590.0,104081.921875,5491.921875
full_run_stage1,A1,panel2_common_period,all_features,lstm,4,6,2024-07-01,95843.10000000003,104156.6015625,8313.501562499965
full_run_stage1,A1,panel2_common_period,all_features,lstm,4,6,2024-10-01,111622.30000000002,104265.03125,-7357.2687500000175
full_run_stage1,A1,panel2_common_period,all_features,lstm,4,6,2025-01-01,115136.6999999999,104328.09375,-10808.606249999895
full_run_stage1,A2,panel2_common_period,all_features,ridge,1,0,2022-07-01,100142.10000000003,106524.61534890252,6382.5153489024815
full_run_stage1,A2,panel2_common_period,all_features,ridge,1,0,2022-10-01,109987.89999999998,113057.60149128526,3069.7014912852756
full_run_stage1,A2,panel2_common_period,all_features,ridge,1,0,2023-01-01,109706.89999999992,111467.19965423792,1760.2996542379988
full_run_stage1,A2,panel2_common_period,all_features,ridge,1,0,2023-04-01,95012.50000000006,106047.47949874062,11034.979498740562
full_run_stage1,A2,panel2_common_period,all_features,ridge,1,1,2023-07-01,92715.50000000001,104796.94275633531,12081.442756335295
full_run_stage1,A2,panel2_common_period,all_features,ridge,1,1,2023-10-01,106259.39999999992,111478.06233020987,5218.662330209947
full_run_stage1,A2,panel2_common_period,all_features,ridge,1,1,2024-01-01,114491.90000000008,109244.93924795499,-5246.960752045095
full_run_stage1,A2,panel2_common_period,all_features,ridge,1,1,2024-04-01,98590.0,103856.91199848149,5266.91199848149
full_run_stage1,A2,panel2_common_period,all_features,ridge,1,2,2024-07-01,95843.10000000003,102587.59495085856,6744.494950858527
full_run_stage1,A2,panel2_common_period,all_features,ridge,1,2,2024-10-01,111622.30000000002,110661.51399295409,-960.7860070459283
full_run_stage1,A2,panel2_common_period,all_features,ridge,1,2,2025-01-01,115136.6999999999,109841.72626555488,-5294.973734445011
full_run_stage1,A2,panel2_common_period,all_features,ridge,2,3,2022-10-01,109987.89999999998,110633.08769099372,645.1876909937419
full_run_stage1,A2,panel2_common_period,all_features,ridge,2,3,2023-01-01,109706.89999999992,111457.94293084751,1751.0429308475868
full_run_stage1,A2,panel2_common_period,all_features,ridge,2,3,2023-04-01,95012.50000000006,102821.84348013833,7809.343480138268
full_run_stage1,A2,panel2_common_period,all_features,ridge,2,3,2023-07-01,92715.50000000001,103637.8431595304,10922.343159530385
full_run_stage1,A2,panel2_common_period,all_features,ridge,2,4,2023-10-01,106259.39999999992,106302.48626027841,43.086260278490954
full_run_stage1,A2,panel2_common_period,all_features,ridge,2,4,2024-01-01,114491.90000000008,106869.12743762652,-7622.7725623735605
full_run_stage1,A2,panel2_common_period,all_features,ridge,2,4,2024-04-01,98590.0,99464.38537187697,874.3853718769678
full_run_stage1,A2,panel2_common_period,all_features,ridge,2,4,2024-07-01,95843.10000000003,99810.76849939954,3967.6684993995004
full_run_stage1,A2,panel2_common_period,all_features,ridge,4,5,2023-04-01,95012.50000000006,103493.60636729715,8481.106367297092
full_run_stage1,A2,panel2_common_period,all_features,ridge,4,5,2023-07-01,92715.50000000001,102361.80087396056,9646.300873960543
full_run_stage1,A2,panel2_common_period,all_features,ridge,4,5,2023-10-01,106259.39999999992,108915.67063398844,2656.270633988519
full_run_stage1,A2,panel2_common_period,all_features,ridge,4,5,2024-01-01,114491.90000000008,108467.51317621491,-6024.386823785171
full_run_stage1,A2,panel2_common_period,all_features,ridge,4,6,2024-04-01,98590.0,103450.9917353362,4860.991735336196
full_run_stage1,A2,panel2_common_period,all_features,ridge,4,6,2024-07-01,95843.10000000003,101756.92131255462,5913.821312554588
full_run_stage1,A2,panel2_common_period,all_features,ridge,4,6,2024-10-01,111622.30000000002,107463.65608107735,-4158.643918922666
full_run_stage1,A2,panel2_common_period,all_features,ridge,4,6,2025-01-01,115136.6999999999,108869.05583586253,-6267.644164137368
full_run_stage1,A2,panel2_common_period,all_features,random_forest,1,0,2022-07-01,100142.10000000003,103301.82439334967,3159.7243933496356
full_run_stage1,A2,panel2_common_period,all_features,random_forest,1,0,2022-10-01,109987.89999999998,115740.41259065531,5752.512590655329
full_run_stage1,A2,panel2_common_period,all_features,random_forest,1,0,2023-01-01,109706.89999999992,114581.26523115608,4874.36523115616
full_run_stage1,A2,panel2_common_period,all_features,random_forest,1,0,2023-04-01,95012.50000000006,101785.75359377587,6773.2535937758075
full_run_stage1,A2,panel2_common_period,all_features,random_forest,1,1,2023-07-01,92715.50000000001,98011.03632288978,5295.536322889762
full_run_stage1,A2,panel2_common_period,all_features,random_forest,1,1,2023-10-01,106259.39999999992,103967.1568827683,-2292.2431172316283
full_run_stage1,A2,panel2_common_period,all_features,random_forest,1,1,2024-01-01,114491.90000000008,103283.92030635501,-11207.979693645073
full_run_stage1,A2,panel2_common_period,all_features,random_forest,1,1,2024-04-01,98590.0,97754.15982768213,-835.8401723178686
full_run_stage1,A2,panel2_common_period,all_features,random_forest,1,2,2024-07-01,95843.10000000003,105290.95488722625,9447.854887226218
full_run_stage1,A2,panel2_common_period,all_features,random_forest,1,2,2024-10-01,111622.30000000002,108059.24211937092,-3563.0578806291014
full_run_stage1,A2,panel2_common_period,all_features,random_forest,1,2,2025-01-01,115136.6999999999,112688.8111713616,-2447.8888286383008
full_run_stage1,A2,panel2_common_period,all_features,random_forest,2,3,2022-10-01,109987.89999999998,114565.80966662592,4577.909666625943
full_run_stage1,A2,panel2_common_period,all_features,random_forest,2,3,2023-01-01,109706.89999999992,113014.67842233296,3307.778422333038
full_run_stage1,A2,panel2_common_period,all_features,random_forest,2,3,2023-04-01,95012.50000000006,95607.59334414374,595.0933441436791
full_run_stage1,A2,panel2_common_period,all_features,random_forest,2,3,2023-07-01,92715.50000000001,100844.11137730247,8128.611377302455
full_run_stage1,A2,panel2_common_period,all_features,random_forest,2,4,2023-10-01,106259.39999999992,99468.39470131558,-6791.005298684337
full_run_stage1,A2,panel2_common_period,all_features,random_forest,2,4,2024-01-01,114491.90000000008,98499.16905071984,-15992.730949280245
full_run_stage1,A2,panel2_common_period,all_features,random_forest,2,4,2024-04-01,98590.0,97037.27740210893,-1552.722597891072
full_run_stage1,A2,panel2_common_period,all_features,random_forest,2,4,2024-07-01,95843.10000000003,99244.8031722361,3401.70317223607
full_run_stage1,A2,panel2_common_period,all_features,random_forest,4,5,2023-04-01,95012.50000000006,97723.67908851098,2711.179088510922
full_run_stage1,A2,panel2_common_period,all_features,random_forest,4,5,2023-07-01,92715.50000000001,98117.13968697703,5401.639686977011
full_run_stage1,A2,panel2_common_period,all_features,random_forest,4,5,2023-10-01,106259.39999999992,110170.68648370188,3911.286483701959
full_run_stage1,A2,panel2_common_period,all_features,random_forest,4,5,2024-01-01,114491.90000000008,110924.00385716876,-3567.8961428313196
full_run_stage1,A2,panel2_common_period,all_features,random_forest,4,6,2024-04-01,98590.0,102512.954643906,3922.954643906007
full_run_stage1,A2,panel2_common_period,all_features,random_forest,4,6,2024-07-01,95843.10000000003,103667.77021161371,7824.670211613673
full_run_stage1,A2,panel2_common_period,all_features,random_forest,4,6,2024-10-01,111622.30000000002,106313.06718764809,-5309.2328123519255
full_run_stage1,A2,panel2_common_period,all_features,random_forest,4,6,2025-01-01,115136.6999999999,105852.73979319437,-9283.960206805525
full_run_stage1,A2,panel2_common_period,all_features,lightgbm,1,0,2022-07-01,100142.10000000003,104675.78021651368,4533.680216513647
full_run_stage1,A2,panel2_common_period,all_features,lightgbm,1,0,2022-10-01,109987.89999999998,121535.04123434486,11547.141234344876
full_run_stage1,A2,panel2_common_period,all_features,lightgbm,1,0,2023-01-01,109706.89999999992,118608.33391579484,8901.433915794914
full_run_stage1,A2,panel2_common_period,all_features,lightgbm,1,0,2023-04-01,95012.50000000006,107465.70277531137,12453.202775311307
full_run_stage1,A2,panel2_common_period,all_features,lightgbm,1,1,2023-07-01,92715.50000000001,99496.69932424407,6781.199324244051
full_run_stage1,A2,panel2_common_period,all_features,lightgbm,1,1,2023-10-01,106259.39999999992,98421.8835209533,-7837.516479046622
full_run_stage1,A2,panel2_common_period,all_features,lightgbm,1,1,2024-01-01,114491.90000000008,103478.2344378072,-11013.66556219288
full_run_stage1,A2,panel2_common_period,all_features,lightgbm,1,1,2024-04-01,98590.0,101893.75144954289,3303.7514495428914
full_run_stage1,A2,panel2_common_period,all_features,lightgbm,1,2,2024-07-01,95843.10000000003,110530.09624634948,14686.996246349445
full_run_stage1,A2,panel2_common_period,all_features,lightgbm,1,2,2024-10-01,111622.30000000002,116058.9316586822,4436.631658682178
full_run_stage1,A2,panel2_common_period,all_features,lightgbm,1,2,2025-01-01,115136.6999999999,115121.89405018128,-14.80594981861941
full_run_stage1,A2,panel2_common_period,all_features,lightgbm,2,3,2022-10-01,109987.89999999998,111261.94276286924,1274.042762869256
full_run_stage1,A2,panel2_common_period,all_features,lightgbm,2,3,2023-01-01,109706.89999999992,111999.8262950409,2292.9262950409757
full_run_stage1,A2,panel2_common_period,all_features,lightgbm,2,3,2023-04-01,95012.50000000006,94708.3753932002,-304.12460679985816
full_run_stage1,A2,panel2_common_period,all_features,lightgbm,2,3,2023-07-01,92715.50000000001,95881.0117749669,3165.511774966886
full_run_stage1,A2,panel2_common_period,all_features,lightgbm,2,4,2023-10-01,106259.39999999992,96203.57934532415,-10055.820654675772
full_run_stage1,A2,panel2_common_period,all_features,lightgbm,2,4,2024-01-01,114491.90000000008,97706.24754110203,-16785.652458898054
full_run_stage1,A2,panel2_common_period,all_features,lightgbm,2,4,2024-04-01,98590.0,96858.39252336795,-1731.6074766320526
full_run_stage1,A2,panel2_common_period,all_features,lightgbm,2,4,2024-07-01,95843.10000000003,103551.55377701424,7708.453777014205
full_run_stage1,A2,panel2_common_period,all_features,lightgbm,4,5,2023-04-01,95012.50000000006,90130.24783432153,-4882.252165678525
full_run_stage1,A2,panel2_common_period,all_features,lightgbm,4,5,2023-07-01,92715.50000000001,97880.85852752072,5165.358527520701
full_run_stage1,A2,panel2_common_period,all_features,lightgbm,4,5,2023-10-01,106259.39999999992,109114.65368619871,2855.25368619879
full_run_stage1,A2,panel2_common_period,all_features,lightgbm,4,5,2024-01-01,114491.90000000008,111696.64912755355,-2795.2508724465297
full_run_stage1,A2,panel2_common_period,all_features,lightgbm,4,6,2024-04-01,98590.0,111073.48934202618,12483.48934202618
full_run_stage1,A2,panel2_common_period,all_features,lightgbm,4,6,2024-07-01,95843.10000000003,105063.66595225083,9220.565952250792
full_run_stage1,A2,panel2_common_period,all_features,lightgbm,4,6,2024-10-01,111622.30000000002,118909.82085439187,7287.520854391856
full_run_stage1,A2,panel2_common_period,all_features,lightgbm,4,6,2025-01-01,115136.6999999999,120240.42706459489,5103.72706459499
full_run_stage1,A2,panel2_common_period,all_features,catboost,1,0,2022-07-01,100142.10000000003,102627.20810619864,2485.108106198604
full_run_stage1,A2,panel2_common_period,all_features,catboost,1,0,2022-10-01,109987.89999999998,119500.8297404949,9512.929740494917
full_run_stage1,A2,panel2_common_period,all_features,catboost,1,0,2023-01-01,109706.89999999992,118008.6792967313,8301.779296731373
full_run_stage1,A2,panel2_common_period,all_features,catboost,1,0,2023-04-01,95012.50000000006,103701.00819650068,8688.508196500625
full_run_stage1,A2,panel2_common_period,all_features,catboost,1,1,2023-07-01,92715.50000000001,95780.43635514672,3064.9363551467104
full_run_stage1,A2,panel2_common_period,all_features,catboost,1,1,2023-10-01,106259.39999999992,108597.89074373583,2338.490743735907
full_run_stage1,A2,panel2_common_period,all_features,catboost,1,1,2024-01-01,114491.90000000008,108468.39285396911,-6023.50714603097
full_run_stage1,A2,panel2_common_period,all_features,catboost,1,1,2024-04-01,98590.0,98879.73336525688,289.73336525687773
full_run_stage1,A2,panel2_common_period,all_features,catboost,1,2,2024-07-01,95843.10000000003,108585.92246340377,12742.822463403732
full_run_stage1,A2,panel2_common_period,all_features,catboost,1,2,2024-10-01,111622.30000000002,113206.66187906855,1584.3618790685287
full_run_stage1,A2,panel2_common_period,all_features,catboost,1,2,2025-01-01,115136.6999999999,117283.68270437475,2146.982704374852
full_run_stage1,A2,panel2_common_period,all_features,catboost,2,3,2022-10-01,109987.89999999998,115195.99016680682,5208.09016680684
full_run_stage1,A2,panel2_common_period,all_features,catboost,2,3,2023-01-01,109706.89999999992,112072.14520282028,2365.245202820355
full_run_stage1,A2,panel2_common_period,all_features,catboost,2,3,2023-04-01,95012.50000000006,92765.56279519906,-2246.9372048009973
full_run_stage1,A2,panel2_common_period,all_features,catboost,2,3,2023-07-01,92715.50000000001,100286.22528833173,7570.725288331712
full_run_stage1,A2,panel2_common_period,all_features,catboost,2,4,2023-10-01,106259.39999999992,100639.37089692417,-5620.029103075751
full_run_stage1,A2,panel2_common_period,all_features,catboost,2,4,2024-01-01,114491.90000000008,104892.17712367681,-9599.72287632327
full_run_stage1,A2,panel2_common_period,all_features,catboost,2,4,2024-04-01,98590.0,99860.38014299335,1270.380142993352
full_run_stage1,A2,panel2_common_period,all_features,catboost,2,4,2024-07-01,95843.10000000003,104025.437754663,8182.337754662964
full_run_stage1,A2,panel2_common_period,all_features,catboost,4,5,2023-04-01,95012.50000000006,99743.96387478885,4731.463874788795
full_run_stage1,A2,panel2_common_period,all_features,catboost,4,5,2023-07-01,92715.50000000001,100559.37482610936,7843.874826109342
full_run_stage1,A2,panel2_common_period,all_features,catboost,4,5,2023-10-01,106259.39999999992,108940.6118176519,2681.2118176519725
full_run_stage1,A2,panel2_common_period,all_features,catboost,4,5,2024-01-01,114491.90000000008,109007.63239767088,-5484.267602329201
full_run_stage1,A2,panel2_common_period,all_features,catboost,4,6,2024-04-01,98590.0,98250.56888597783,-339.4311140221689
full_run_stage1,A2,panel2_common_period,all_features,catboost,4,6,2024-07-01,95843.10000000003,97132.02893769706,1288.9289376970264
full_run_stage1,A2,panel2_common_period,all_features,catboost,4,6,2024-10-01,111622.30000000002,101738.29915266772,-9884.000847332296
full_run_stage1,A2,panel2_common_period,all_features,catboost,4,6,2025-01-01,115136.6999999999,104372.39225493207,-10764.307745067825
full_run_stage1,A2,panel2_common_period,all_features,lstm,1,0,2022-07-01,100142.10000000003,106014.28125,5872.181249999965
full_run_stage1,A2,panel2_common_period,all_features,lstm,1,0,2022-10-01,109987.89999999998,113914.96875,3927.0687500000204
full_run_stage1,A2,panel2_common_period,all_features,lstm,1,0,2023-01-01,109706.89999999992,115221.703125,5514.803125000079
full_run_stage1,A2,panel2_common_period,all_features,lstm,1,0,2023-04-01,95012.50000000006,101432.6328125,6420.132812499942
full_run_stage1,A2,panel2_common_period,all_features,lstm,1,1,2023-07-01,92715.50000000001,98150.75,5435.249999999985
full_run_stage1,A2,panel2_common_period,all_features,lstm,1,1,2023-10-01,106259.39999999992,109273.6171875,3014.2171875000786
full_run_stage1,A2,panel2_common_period,all_features,lstm,1,1,2024-01-01,114491.90000000008,109945.015625,-4546.8843750000815
full_run_stage1,A2,panel2_common_period,all_features,lstm,1,1,2024-04-01,98590.0,94559.2109375,-4030.7890625
full_run_stage1,A2,panel2_common_period,all_features,lstm,1,2,2024-07-01,95843.10000000003,88718.6796875,-7124.420312500035
full_run_stage1,A2,panel2_common_period,all_features,lstm,1,2,2024-10-01,111622.30000000002,107296.0703125,-4326.2296875000175
full_run_stage1,A2,panel2_common_period,all_features,lstm,1,2,2025-01-01,115136.6999999999,110157.8515625,-4978.848437499895
full_run_stage1,A2,panel2_common_period,all_features,lstm,2,3,2022-10-01,109987.89999999998,112255.875,2267.9750000000204
full_run_stage1,A2,panel2_common_period,all_features,lstm,2,3,2023-01-01,109706.89999999992,114185.359375,4478.459375000079
full_run_stage1,A2,panel2_common_period,all_features,lstm,2,3,2023-04-01,95012.50000000006,106627.421875,11614.921874999942
full_run_stage1,A2,panel2_common_period,all_features,lstm,2,3,2023-07-01,92715.50000000001,104368.390625,11652.890624999985
full_run_stage1,A2,panel2_common_period,all_features,lstm,2,4,2023-10-01,106259.39999999992,108955.90625,2696.5062500000786
full_run_stage1,A2,panel2_common_period,all_features,lstm,2,4,2024-01-01,114491.90000000008,112722.546875,-1769.3531250000815
full_run_stage1,A2,panel2_common_period,all_features,lstm,2,4,2024-04-01,98590.0,99213.71875,623.71875
full_run_stage1,A2,panel2_common_period,all_features,lstm,2,4,2024-07-01,95843.10000000003,100632.140625,4789.040624999965
full_run_stage1,A2,panel2_common_period,all_features,lstm,4,5,2023-04-01,95012.50000000006,106162.3984375,11149.898437499942
full_run_stage1,A2,panel2_common_period,all_features,lstm,4,5,2023-07-01,92715.50000000001,106420.7890625,13705.289062499985
full_run_stage1,A2,panel2_common_period,all_features,lstm,4,5,2023-10-01,106259.39999999992,110812.28125,4552.881250000079
full_run_stage1,A2,panel2_common_period,all_features,lstm,4,5,2024-01-01,114491.90000000008,111551.21875,-2940.6812500000815
full_run_stage1,A2,panel2_common_period,all_features,lstm,4,6,2024-04-01,98590.0,96354.46875,-2235.53125
full_run_stage1,A2,panel2_common_period,all_features,lstm,4,6,2024-07-01,95843.10000000003,95611.5625,-231.53750000003492
full_run_stage1,A2,panel2_common_period,all_features,lstm,4,6,2024-10-01,111622.30000000002,107187.7578125,-4434.5421875000175
full_run_stage1,A2,panel2_common_period,all_features,lstm,4,6,2025-01-01,115136.6999999999,107759.4765625,-7377.223437499895
full_run_stage1,A3,panel2_common_period,all_features,ridge,1,0,2022-07-01,100142.10000000003,108961.98587561125,8819.885875611217
full_run_stage1,A3,panel2_common_period,all_features,ridge,1,0,2022-10-01,109987.89999999998,113552.17681121429,3564.2768112143094
full_run_stage1,A3,panel2_common_period,all_features,ridge,1,0,2023-01-01,109706.89999999992,106889.5396009262,-2817.3603990737174
full_run_stage1,A3,panel2_common_period,all_features,ridge,1,0,2023-04-01,95012.50000000006,104834.35001930693,9821.850019306876
full_run_stage1,A3,panel2_common_period,all_features,ridge,1,1,2023-07-01,92715.50000000001,105386.02817322819,12670.528173228173
full_run_stage1,A3,panel2_common_period,all_features,ridge,1,1,2023-10-01,106259.39999999992,105781.46256288375,-477.93743711616844
full_run_stage1,A3,panel2_common_period,all_features,ridge,1,1,2024-01-01,114491.90000000008,101720.5182985437,-12771.381701456383
full_run_stage1,A3,panel2_common_period,all_features,ridge,1,1,2024-04-01,98590.0,99040.23842296939,450.2384229693853
full_run_stage1,A3,panel2_common_period,all_features,ridge,1,2,2024-07-01,95843.10000000003,99321.73273151435,3478.6327315143135
full_run_stage1,A3,panel2_common_period,all_features,ridge,1,2,2024-10-01,111622.30000000002,101309.5161762838,-10312.783823716221
full_run_stage1,A3,panel2_common_period,all_features,ridge,1,2,2025-01-01,115136.6999999999,103095.5682230767,-12041.131776923197
full_run_stage1,A3,panel2_common_period,all_features,ridge,2,3,2022-10-01,109987.89999999998,107923.15161851775,-2064.7483814822335
full_run_stage1,A3,panel2_common_period,all_features,ridge,2,3,2023-01-01,109706.89999999992,110661.64744453775,954.747444537832
full_run_stage1,A3,panel2_common_period,all_features,ridge,2,3,2023-04-01,95012.50000000006,100969.57980664894,5957.079806648879
full_run_stage1,A3,panel2_common_period,all_features,ridge,2,3,2023-07-01,92715.50000000001,101778.39294154906,9062.892941549042
full_run_stage1,A3,panel2_common_period,all_features,ridge,2,4,2023-10-01,106259.39999999992,105860.40120789905,-398.9987921008724
full_run_stage1,A3,panel2_common_period,all_features,ridge,2,4,2024-01-01,114491.90000000008,103460.75210548971,-11031.147894510374
full_run_stage1,A3,panel2_common_period,all_features,ridge,2,4,2024-04-01,98590.0,95501.99187819615,-3088.008121803854
full_run_stage1,A3,panel2_common_period,all_features,ridge,2,4,2024-07-01,95843.10000000003,94361.5448645023,-1481.555135497736
full_run_stage1,A3,panel2_common_period,all_features,ridge,4,5,2023-04-01,95012.50000000006,105121.54462533229,10109.04462533223
full_run_stage1,A3,panel2_common_period,all_features,ridge,4,5,2023-07-01,92715.50000000001,104426.1067222603,11710.606722260287
full_run_stage1,A3,panel2_common_period,all_features,ridge,4,5,2023-10-01,106259.39999999992,108720.77217750165,2461.372177501733
full_run_stage1,A3,panel2_common_period,all_features,ridge,4,5,2024-01-01,114491.90000000008,107766.19304093225,-6725.706959067829
full_run_stage1,A3,panel2_common_period,all_features,ridge,4,6,2024-04-01,98590.0,102992.50155570632,4402.501555706316
full_run_stage1,A3,panel2_common_period,all_features,ridge,4,6,2024-07-01,95843.10000000003,103581.63631212855,7738.536312128519
full_run_stage1,A3,panel2_common_period,all_features,ridge,4,6,2024-10-01,111622.30000000002,109261.37184349664,-2360.9281565033743
full_run_stage1,A3,panel2_common_period,all_features,ridge,4,6,2025-01-01,115136.6999999999,108929.43717094751,-6207.262829052386
full_run_stage1,A3,panel2_common_period,all_features,random_forest,1,0,2022-07-01,100142.10000000003,105196.34690164475,5054.246901644714
full_run_stage1,A3,panel2_common_period,all_features,random_forest,1,0,2022-10-01,109987.89999999998,114190.31539836962,4202.415398369645
full_run_stage1,A3,panel2_common_period,all_features,random_forest,1,0,2023-01-01,109706.89999999992,113599.12350075749,3892.2235007575655
full_run_stage1,A3,panel2_common_period,all_features,random_forest,1,0,2023-04-01,95012.50000000006,100487.3525214374,5474.852521437337
full_run_stage1,A3,panel2_common_period,all_features,random_forest,1,1,2023-07-01,92715.50000000001,100379.78871007607,7664.288710076056
full_run_stage1,A3,panel2_common_period,all_features,random_forest,1,1,2023-10-01,106259.39999999992,109539.28157817698,3279.8815781770536
full_run_stage1,A3,panel2_common_period,all_features,random_forest,1,1,2024-01-01,114491.90000000008,109745.89349396499,-4746.00650603509
full_run_stage1,A3,panel2_common_period,all_features,random_forest,1,1,2024-04-01,98590.0,94628.93623463275,-3961.0637653672457
full_run_stage1,A3,panel2_common_period,all_features,random_forest,1,2,2024-07-01,95843.10000000003,105965.82233684577,10122.722336845734
full_run_stage1,A3,panel2_common_period,all_features,random_forest,1,2,2024-10-01,111622.30000000002,109995.22384693545,-1627.0761530645686
full_run_stage1,A3,panel2_common_period,all_features,random_forest,1,2,2025-01-01,115136.6999999999,111264.75705245351,-3871.942947546384
full_run_stage1,A3,panel2_common_period,all_features,random_forest,2,3,2022-10-01,109987.89999999998,100140.43601811733,-9847.463981882654
full_run_stage1,A3,panel2_common_period,all_features,random_forest,2,3,2023-01-01,109706.89999999992,112089.77201507046,2382.872015070534
full_run_stage1,A3,panel2_common_period,all_features,random_forest,2,3,2023-04-01,95012.50000000006,97397.44265399521,2384.942653995153
full_run_stage1,A3,panel2_common_period,all_features,random_forest,2,3,2023-07-01,92715.50000000001,100542.31812649782,7826.818126497805
full_run_stage1,A3,panel2_common_period,all_features,random_forest,2,4,2023-10-01,106259.39999999992,102991.64177606019,-3267.7582239397307
full_run_stage1,A3,panel2_common_period,all_features,random_forest,2,4,2024-01-01,114491.90000000008,102429.97418608758,-12061.925813912501
full_run_stage1,A3,panel2_common_period,all_features,random_forest,2,4,2024-04-01,98590.0,94860.41740700854,-3729.582592991457
full_run_stage1,A3,panel2_common_period,all_features,random_forest,2,4,2024-07-01,95843.10000000003,94836.95745595961,-1006.1425440404273
full_run_stage1,A3,panel2_common_period,all_features,random_forest,4,5,2023-04-01,95012.50000000006,108079.18199508412,13066.681995084058
full_run_stage1,A3,panel2_common_period,all_features,random_forest,4,5,2023-07-01,92715.50000000001,98372.1712943233,5656.671294323285
full_run_stage1,A3,panel2_common_period,all_features,random_forest,4,5,2023-10-01,106259.39999999992,111911.71046802709,5652.3104680271645
full_run_stage1,A3,panel2_common_period,all_features,random_forest,4,5,2024-01-01,114491.90000000008,112412.8840419463,-2079.0159580537875
full_run_stage1,A3,panel2_common_period,all_features,random_forest,4,6,2024-04-01,98590.0,100897.78105023905,2307.7810502390494
full_run_stage1,A3,panel2_common_period,all_features,random_forest,4,6,2024-07-01,95843.10000000003,99684.41747642915,3841.317476429118
full_run_stage1,A3,panel2_common_period,all_features,random_forest,4,6,2024-10-01,111622.30000000002,111328.57839386804,-293.72160613197775
full_run_stage1,A3,panel2_common_period,all_features,random_forest,4,6,2025-01-01,115136.6999999999,111124.0452382325,-4012.654761767393
full_run_stage1,A3,panel2_common_period,all_features,lightgbm,1,0,2022-07-01,100142.10000000003,100376.93580323871,234.835803238675
full_run_stage1,A3,panel2_common_period,all_features,lightgbm,1,0,2022-10-01,109987.89999999998,107605.43960539119,-2382.460394608788
full_run_stage1,A3,panel2_common_period,all_features,lightgbm,1,0,2023-01-01,109706.89999999992,109963.07218113884,256.1721811389143
full_run_stage1,A3,panel2_common_period,all_features,lightgbm,1,0,2023-04-01,95012.50000000006,95458.44518807936,445.9451880793058
full_run_stage1,A3,panel2_common_period,all_features,lightgbm,1,1,2023-07-01,92715.50000000001,94954.29364573219,2238.7936457321775
full_run_stage1,A3,panel2_common_period,all_features,lightgbm,1,1,2023-10-01,106259.39999999992,107568.24680106467,1308.8468010647484
full_run_stage1,A3,panel2_common_period,all_features,lightgbm,1,1,2024-01-01,114491.90000000008,113787.18881990825,-704.7111800918356
full_run_stage1,A3,panel2_common_period,all_features,lightgbm,1,1,2024-04-01,98590.0,102827.35145154767,4237.351451547671
full_run_stage1,A3,panel2_common_period,all_features,lightgbm,1,2,2024-07-01,95843.10000000003,110777.85766275456,14934.75766275452
full_run_stage1,A3,panel2_common_period,all_features,lightgbm,1,2,2024-10-01,111622.30000000002,110713.1478839466,-909.1521160534176
full_run_stage1,A3,panel2_common_period,all_features,lightgbm,1,2,2025-01-01,115136.6999999999,113577.37086354579,-1559.3291364541074
full_run_stage1,A3,panel2_common_period,all_features,lightgbm,2,3,2022-10-01,109987.89999999998,107787.27929247645,-2200.620707523529
full_run_stage1,A3,panel2_common_period,all_features,lightgbm,2,3,2023-01-01,109706.89999999992,108860.8535178878,-846.0464821121277
full_run_stage1,A3,panel2_common_period,all_features,lightgbm,2,3,2023-04-01,95012.50000000006,100677.6781009613,5665.178100961246
full_run_stage1,A3,panel2_common_period,all_features,lightgbm,2,3,2023-07-01,92715.50000000001,96865.46157979777,4149.96157979776
full_run_stage1,A3,panel2_common_period,all_features,lightgbm,2,4,2023-10-01,106259.39999999992,103598.3282237394,-2661.07177626052
full_run_stage1,A3,panel2_common_period,all_features,lightgbm,2,4,2024-01-01,114491.90000000008,101129.13193703075,-13362.768062969335
full_run_stage1,A3,panel2_common_period,all_features,lightgbm,2,4,2024-04-01,98590.0,97216.71550398729,-1373.2844960127113
full_run_stage1,A3,panel2_common_period,all_features,lightgbm,2,4,2024-07-01,95843.10000000003,91995.72142963958,-3847.3785703604517
full_run_stage1,A3,panel2_common_period,all_features,lightgbm,4,5,2023-04-01,95012.50000000006,90971.22768801167,-4041.2723119883885
full_run_stage1,A3,panel2_common_period,all_features,lightgbm,4,5,2023-07-01,92715.50000000001,87882.5678143525,-4832.932185647514
full_run_stage1,A3,panel2_common_period,all_features,lightgbm,4,5,2023-10-01,106259.39999999992,100699.78574556827,-5559.6142544316535
full_run_stage1,A3,panel2_common_period,all_features,lightgbm,4,5,2024-01-01,114491.90000000008,112744.42553889759,-1747.4744611024944
full_run_stage1,A3,panel2_common_period,all_features,lightgbm,4,6,2024-04-01,98590.0,98885.76118511685,295.7611851168476
full_run_stage1,A3,panel2_common_period,all_features,lightgbm,4,6,2024-07-01,95843.10000000003,97744.36565147963,1901.2656514795963
full_run_stage1,A3,panel2_common_period,all_features,lightgbm,4,6,2024-10-01,111622.30000000002,118640.7305490804,7018.430549080382
full_run_stage1,A3,panel2_common_period,all_features,lightgbm,4,6,2025-01-01,115136.6999999999,112072.78013258375,-3063.9198674161453
full_run_stage1,A3,panel2_common_period,all_features,catboost,1,0,2022-07-01,100142.10000000003,99983.497105439,-158.60289456103055
full_run_stage1,A3,panel2_common_period,all_features,catboost,1,0,2022-10-01,109987.89999999998,114408.22387064365,4420.323870643668
full_run_stage1,A3,panel2_common_period,all_features,catboost,1,0,2023-01-01,109706.89999999992,112317.828758529,2610.928758529073
full_run_stage1,A3,panel2_common_period,all_features,catboost,1,0,2023-04-01,95012.50000000006,100417.90670985231,5405.40670985225
full_run_stage1,A3,panel2_common_period,all_features,catboost,1,1,2023-07-01,92715.50000000001,95545.76048478237,2830.260484782353
full_run_stage1,A3,panel2_common_period,all_features,catboost,1,1,2023-10-01,106259.39999999992,110976.31118745384,4716.911187453923
full_run_stage1,A3,panel2_common_period,all_features,catboost,1,1,2024-01-01,114491.90000000008,109543.66294487765,-4948.23705512243
full_run_stage1,A3,panel2_common_period,all_features,catboost,1,1,2024-04-01,98590.0,91982.78784063917,-6607.212159360832
full_run_stage1,A3,panel2_common_period,all_features,catboost,1,2,2024-07-01,95843.10000000003,107607.28755310173,11764.1875531017
full_run_stage1,A3,panel2_common_period,all_features,catboost,1,2,2024-10-01,111622.30000000002,107162.8004752736,-4459.499524726416
full_run_stage1,A3,panel2_common_period,all_features,catboost,1,2,2025-01-01,115136.6999999999,111251.04945987069,-3885.650540129209
full_run_stage1,A3,panel2_common_period,all_features,catboost,2,3,2022-10-01,109987.89999999998,103946.10043104253,-6041.799568957445
full_run_stage1,A3,panel2_common_period,all_features,catboost,2,3,2023-01-01,109706.89999999992,112147.08193329713,2440.181933297208
full_run_stage1,A3,panel2_common_period,all_features,catboost,2,3,2023-04-01,95012.50000000006,95437.08635371487,424.5863537148107
full_run_stage1,A3,panel2_common_period,all_features,catboost,2,3,2023-07-01,92715.50000000001,99553.67357668912,6838.173576689107
full_run_stage1,A3,panel2_common_period,all_features,catboost,2,4,2023-10-01,106259.39999999992,102603.84902456266,-3655.5509754372615
full_run_stage1,A3,panel2_common_period,all_features,catboost,2,4,2024-01-01,114491.90000000008,104252.14025991168,-10239.759740088397
full_run_stage1,A3,panel2_common_period,all_features,catboost,2,4,2024-04-01,98590.0,95016.09216919116,-3573.9078308088356
full_run_stage1,A3,panel2_common_period,all_features,catboost,2,4,2024-07-01,95843.10000000003,94262.44385212449,-1580.6561478755466
full_run_stage1,A3,panel2_common_period,all_features,catboost,4,5,2023-04-01,95012.50000000006,105230.6727833313,10218.172783331247
full_run_stage1,A3,panel2_common_period,all_features,catboost,4,5,2023-07-01,92715.50000000001,97036.13959566764,4320.639595667628
full_run_stage1,A3,panel2_common_period,all_features,catboost,4,5,2023-10-01,106259.39999999992,110182.73169966105,3923.3316996611247
full_run_stage1,A3,panel2_common_period,all_features,catboost,4,5,2024-01-01,114491.90000000008,110533.04319039738,-3958.856809602701
full_run_stage1,A3,panel2_common_period,all_features,catboost,4,6,2024-04-01,98590.0,101732.87105780304,3142.871057803044
full_run_stage1,A3,panel2_common_period,all_features,catboost,4,6,2024-07-01,95843.10000000003,100481.85030338402,4638.750303383989
full_run_stage1,A3,panel2_common_period,all_features,catboost,4,6,2024-10-01,111622.30000000002,113037.53709471993,1415.2370947199088
full_run_stage1,A3,panel2_common_period,all_features,catboost,4,6,2025-01-01,115136.6999999999,112295.60036002929,-2841.0996399706055
full_run_stage1,A3,panel2_common_period,all_features,lstm,1,0,2022-07-01,100142.10000000003,107456.4375,7314.337499999965
full_run_stage1,A3,panel2_common_period,all_features,lstm,1,0,2022-10-01,109987.89999999998,107593.234375,-2394.6656249999796
full_run_stage1,A3,panel2_common_period,all_features,lstm,1,0,2023-01-01,109706.89999999992,107965.109375,-1741.7906249999214
full_run_stage1,A3,panel2_common_period,all_features,lstm,1,0,2023-04-01,95012.50000000006,107459.203125,12446.703124999942
full_run_stage1,A3,panel2_common_period,all_features,lstm,1,1,2023-07-01,92715.50000000001,105222.984375,12507.484374999985
full_run_stage1,A3,panel2_common_period,all_features,lstm,1,1,2023-10-01,106259.39999999992,105029.5859375,-1229.8140624999214
full_run_stage1,A3,panel2_common_period,all_features,lstm,1,1,2024-01-01,114491.90000000008,104904.859375,-9587.040625000081
full_run_stage1,A3,panel2_common_period,all_features,lstm,1,1,2024-04-01,98590.0,104691.4765625,6101.4765625
full_run_stage1,A3,panel2_common_period,all_features,lstm,1,2,2024-07-01,95843.10000000003,104929.3671875,9086.267187499965
full_run_stage1,A3,panel2_common_period,all_features,lstm,1,2,2024-10-01,111622.30000000002,104920.9765625,-6701.3234375000175
full_run_stage1,A3,panel2_common_period,all_features,lstm,1,2,2025-01-01,115136.6999999999,104943.2890625,-10193.410937499895
full_run_stage1,A3,panel2_common_period,all_features,lstm,2,3,2022-10-01,109987.89999999998,106865.3359375,-3122.5640624999796
full_run_stage1,A3,panel2_common_period,all_features,lstm,2,3,2023-01-01,109706.89999999992,106921.203125,-2785.6968749999214
full_run_stage1,A3,panel2_common_period,all_features,lstm,2,3,2023-04-01,95012.50000000006,107009.9375,11997.437499999942
full_run_stage1,A3,panel2_common_period,all_features,lstm,2,3,2023-07-01,92715.50000000001,106761.9375,14046.437499999985
full_run_stage1,A3,panel2_common_period,all_features,lstm,2,4,2023-10-01,106259.39999999992,105346.6875,-912.7124999999214
full_run_stage1,A3,panel2_common_period,all_features,lstm,2,4,2024-01-01,114491.90000000008,105049.921875,-9441.978125000081
full_run_stage1,A3,panel2_common_period,all_features,lstm,2,4,2024-04-01,98590.0,104844.34375,6254.34375
full_run_stage1,A3,panel2_common_period,all_features,lstm,2,4,2024-07-01,95843.10000000003,104958.8984375,9115.798437499965
full_run_stage1,A3,panel2_common_period,all_features,lstm,4,5,2023-04-01,95012.50000000006,105105.5390625,10093.039062499942
full_run_stage1,A3,panel2_common_period,all_features,lstm,4,5,2023-07-01,92715.50000000001,105191.1796875,12475.679687499985
full_run_stage1,A3,panel2_common_period,all_features,lstm,4,5,2023-10-01,106259.39999999992,105310.6328125,-948.7671874999214
full_run_stage1,A3,panel2_common_period,all_features,lstm,4,5,2024-01-01,114491.90000000008,105101.03125,-9390.868750000081
full_run_stage1,A3,panel2_common_period,all_features,lstm,4,6,2024-04-01,98590.0,104010.0859375,5420.0859375
full_run_stage1,A3,panel2_common_period,all_features,lstm,4,6,2024-07-01,95843.10000000003,103857.953125,8014.853124999965
full_run_stage1,A3,panel2_common_period,all_features,lstm,4,6,2024-10-01,111622.30000000002,103772.8046875,-7849.4953125000175
full_run_stage1,A3,panel2_common_period,all_features,lstm,4,6,2025-01-01,115136.6999999999,103699.3984375,-11437.301562499895
full_run_stage1,A4,panel2_common_period,all_features,ridge,1,0,2022-07-01,100142.10000000003,106727.22216779002,6585.122167789988
full_run_stage1,A4,panel2_common_period,all_features,ridge,1,0,2022-10-01,109987.89999999998,115785.80808668498,5797.908086684998
full_run_stage1,A4,panel2_common_period,all_features,ridge,1,0,2023-01-01,109706.89999999992,109225.34402924664,-481.55597075328114
full_run_stage1,A4,panel2_common_period,all_features,ridge,1,0,2023-04-01,95012.50000000006,103767.71545230469,8755.215452304634
full_run_stage1,A4,panel2_common_period,all_features,ridge,1,1,2023-07-01,92715.50000000001,103382.18016815608,10666.680168156061
full_run_stage1,A4,panel2_common_period,all_features,ridge,1,1,2023-10-01,106259.39999999992,108440.72664751048,2181.326647510563
full_run_stage1,A4,panel2_common_period,all_features,ridge,1,1,2024-01-01,114491.90000000008,104510.06727124014,-9981.832728759939
full_run_stage1,A4,panel2_common_period,all_features,ridge,1,1,2024-04-01,98590.0,98387.30081723425,-202.69918276574754
full_run_stage1,A4,panel2_common_period,all_features,ridge,1,2,2024-07-01,95843.10000000003,97038.78079083253,1195.680790832499
full_run_stage1,A4,panel2_common_period,all_features,ridge,1,2,2024-10-01,111622.30000000002,104423.58798245648,-7198.712017543541
full_run_stage1,A4,panel2_common_period,all_features,ridge,1,2,2025-01-01,115136.6999999999,106716.48132229863,-8420.218677701268
full_run_stage1,A4,panel2_common_period,all_features,ridge,2,3,2022-10-01,109987.89999999998,110100.7848171966,112.88481719662377
full_run_stage1,A4,panel2_common_period,all_features,ridge,2,3,2023-01-01,109706.89999999992,112388.66215952676,2681.762159526843
full_run_stage1,A4,panel2_common_period,all_features,ridge,2,3,2023-04-01,95012.50000000006,100045.30842443621,5032.808424436153
full_run_stage1,A4,panel2_common_period,all_features,ridge,2,3,2023-07-01,92715.50000000001,101493.78700307368,8778.287003073667
full_run_stage1,A4,panel2_common_period,all_features,ridge,2,4,2023-10-01,106259.39999999992,106681.3235936697,421.92359366978053
full_run_stage1,A4,panel2_common_period,all_features,ridge,2,4,2024-01-01,114491.90000000008,104863.14457286321,-9628.755427136872
full_run_stage1,A4,panel2_common_period,all_features,ridge,2,4,2024-04-01,98590.0,94508.17401829684,-4081.825981703165
full_run_stage1,A4,panel2_common_period,all_features,ridge,2,4,2024-07-01,95843.10000000003,94698.54766435648,-1144.5523356435588
full_run_stage1,A4,panel2_common_period,all_features,ridge,4,5,2023-04-01,95012.50000000006,103536.47086603708,8523.970866037023
full_run_stage1,A4,panel2_common_period,all_features,ridge,4,5,2023-07-01,92715.50000000001,103032.63163091369,10317.131630913675
full_run_stage1,A4,panel2_common_period,all_features,ridge,4,5,2023-10-01,106259.39999999992,109419.69328638169,3160.2932863817696
full_run_stage1,A4,panel2_common_period,all_features,ridge,4,5,2024-01-01,114491.90000000008,108088.43701817712,-6403.462981822959
full_run_stage1,A4,panel2_common_period,all_features,ridge,4,6,2024-04-01,98590.0,101582.26617047096,2992.266170470961
full_run_stage1,A4,panel2_common_period,all_features,ridge,4,6,2024-07-01,95843.10000000003,101022.06906990672,5178.969069906685
full_run_stage1,A4,panel2_common_period,all_features,ridge,4,6,2024-10-01,111622.30000000002,108956.29944059491,-2666.0005594051036
full_run_stage1,A4,panel2_common_period,all_features,ridge,4,6,2025-01-01,115136.6999999999,109048.14887346723,-6088.551126532664
full_run_stage1,A4,panel2_common_period,all_features,random_forest,1,0,2022-07-01,100142.10000000003,101975.98293376916,1833.8829337691277
full_run_stage1,A4,panel2_common_period,all_features,random_forest,1,0,2022-10-01,109987.89999999998,115838.67853675906,5850.778536759084
full_run_stage1,A4,panel2_common_period,all_features,random_forest,1,0,2023-01-01,109706.89999999992,113332.57304751081,3625.6730475108925
full_run_stage1,A4,panel2_common_period,all_features,random_forest,1,0,2023-04-01,95012.50000000006,101059.29307558353,6046.793075583468
full_run_stage1,A4,panel2_common_period,all_features,random_forest,1,1,2023-07-01,92715.50000000001,98767.76291673559,6052.262916735577
full_run_stage1,A4,panel2_common_period,all_features,random_forest,1,1,2023-10-01,106259.39999999992,104095.11613670844,-2164.283863291479
full_run_stage1,A4,panel2_common_period,all_features,random_forest,1,1,2024-01-01,114491.90000000008,103379.26416318065,-11112.635836819434
full_run_stage1,A4,panel2_common_period,all_features,random_forest,1,1,2024-04-01,98590.0,97908.94776039389,-681.0522396061133
full_run_stage1,A4,panel2_common_period,all_features,random_forest,1,2,2024-07-01,95843.10000000003,102922.49900921527,7079.399009215238
full_run_stage1,A4,panel2_common_period,all_features,random_forest,1,2,2024-10-01,111622.30000000002,107101.55315914516,-4520.746840854859
full_run_stage1,A4,panel2_common_period,all_features,random_forest,1,2,2025-01-01,115136.6999999999,112512.668581105,-2624.031418894898
full_run_stage1,A4,panel2_common_period,all_features,random_forest,2,3,2022-10-01,109987.89999999998,107847.89022808368,-2140.0097719163023
full_run_stage1,A4,panel2_common_period,all_features,random_forest,2,3,2023-01-01,109706.89999999992,111653.34241564557,1946.4424156456516
full_run_stage1,A4,panel2_common_period,all_features,random_forest,2,3,2023-04-01,95012.50000000006,96968.2539672743,1955.7539672742423
full_run_stage1,A4,panel2_common_period,all_features,random_forest,2,3,2023-07-01,92715.50000000001,100337.92455711795,7622.4245571179345
full_run_stage1,A4,panel2_common_period,all_features,random_forest,2,4,2023-10-01,106259.39999999992,98349.30369844461,-7910.096301555313
full_run_stage1,A4,panel2_common_period,all_features,random_forest,2,4,2024-01-01,114491.90000000008,98085.40778467654,-16406.49221532354
full_run_stage1,A4,panel2_common_period,all_features,random_forest,2,4,2024-04-01,98590.0,95577.24987225361,-3012.750127746389
full_run_stage1,A4,panel2_common_period,all_features,random_forest,2,4,2024-07-01,95843.10000000003,97882.2160906891,2039.1160906890582
full_run_stage1,A4,panel2_common_period,all_features,random_forest,4,5,2023-04-01,95012.50000000006,103173.70399297711,8161.203992977054
full_run_stage1,A4,panel2_common_period,all_features,random_forest,4,5,2023-07-01,92715.50000000001,97920.7174995783,5205.217499578284
full_run_stage1,A4,panel2_common_period,all_features,random_forest,4,5,2023-10-01,106259.39999999992,110460.8742637582,4201.474263758282
full_run_stage1,A4,panel2_common_period,all_features,random_forest,4,5,2024-01-01,114491.90000000008,110311.92778176749,-4179.972218232593
full_run_stage1,A4,panel2_common_period,all_features,random_forest,4,6,2024-04-01,98590.0,103728.64256102208,5138.642561022076
full_run_stage1,A4,panel2_common_period,all_features,random_forest,4,6,2024-07-01,95843.10000000003,104385.4335031059,8542.333503105867
full_run_stage1,A4,panel2_common_period,all_features,random_forest,4,6,2024-10-01,111622.30000000002,108545.83215329696,-3076.467846703061
full_run_stage1,A4,panel2_common_period,all_features,random_forest,4,6,2025-01-01,115136.6999999999,108171.2958607525,-6965.404139247388
full_run_stage1,A4,panel2_common_period,all_features,lightgbm,1,0,2022-07-01,100142.10000000003,99732.31774436486,-409.7822556351748
full_run_stage1,A4,panel2_common_period,all_features,lightgbm,1,0,2022-10-01,109987.89999999998,121660.52793369582,11672.62793369584
full_run_stage1,A4,panel2_common_period,all_features,lightgbm,1,0,2023-01-01,109706.89999999992,112464.92288975716,2758.022889757238
full_run_stage1,A4,panel2_common_period,all_features,lightgbm,1,0,2023-04-01,95012.50000000006,98265.00744592863,3252.507445928568
full_run_stage1,A4,panel2_common_period,all_features,lightgbm,1,1,2023-07-01,92715.50000000001,99160.96459264585,6445.464592645832
full_run_stage1,A4,panel2_common_period,all_features,lightgbm,1,1,2023-10-01,106259.39999999992,98509.08587500054,-7750.314124999379
full_run_stage1,A4,panel2_common_period,all_features,lightgbm,1,1,2024-01-01,114491.90000000008,99373.35308295225,-15118.546917047832
full_run_stage1,A4,panel2_common_period,all_features,lightgbm,1,1,2024-04-01,98590.0,98842.30875979936,252.30875979935809
full_run_stage1,A4,panel2_common_period,all_features,lightgbm,1,2,2024-07-01,95843.10000000003,107880.6154608731,12037.515460873066
full_run_stage1,A4,panel2_common_period,all_features,lightgbm,1,2,2024-10-01,111622.30000000002,110762.72350821683,-859.5764917831839
full_run_stage1,A4,panel2_common_period,all_features,lightgbm,1,2,2025-01-01,115136.6999999999,114304.6180601265,-832.081939873402
full_run_stage1,A4,panel2_common_period,all_features,lightgbm,2,3,2022-10-01,109987.89999999998,109608.22780394068,-379.6721960592986
full_run_stage1,A4,panel2_common_period,all_features,lightgbm,2,3,2023-01-01,109706.89999999992,109680.11159286117,-26.788407138752518
full_run_stage1,A4,panel2_common_period,all_features,lightgbm,2,3,2023-04-01,95012.50000000006,94224.91666504946,-787.5833349505992
full_run_stage1,A4,panel2_common_period,all_features,lightgbm,2,3,2023-07-01,92715.50000000001,99293.25997930377,6577.759979303752
full_run_stage1,A4,panel2_common_period,all_features,lightgbm,2,4,2023-10-01,106259.39999999992,92745.2488495502,-13514.151150449718
full_run_stage1,A4,panel2_common_period,all_features,lightgbm,2,4,2024-01-01,114491.90000000008,94520.2317889208,-19971.668211079275
full_run_stage1,A4,panel2_common_period,all_features,lightgbm,2,4,2024-04-01,98590.0,94019.01366103845,-4570.986338961549
full_run_stage1,A4,panel2_common_period,all_features,lightgbm,2,4,2024-07-01,95843.10000000003,95503.8234799015,-339.27652009853045
full_run_stage1,A4,panel2_common_period,all_features,lightgbm,4,5,2023-04-01,95012.50000000006,90260.62567685147,-4751.874323148586
full_run_stage1,A4,panel2_common_period,all_features,lightgbm,4,5,2023-07-01,92715.50000000001,94006.81166303082,1291.3116630308068
full_run_stage1,A4,panel2_common_period,all_features,lightgbm,4,5,2023-10-01,106259.39999999992,112551.13438980997,6291.734389810052
full_run_stage1,A4,panel2_common_period,all_features,lightgbm,4,5,2024-01-01,114491.90000000008,108849.48729567882,-5642.412704321265
full_run_stage1,A4,panel2_common_period,all_features,lightgbm,4,6,2024-04-01,98590.0,101650.74013545146,3060.7401354514586
full_run_stage1,A4,panel2_common_period,all_features,lightgbm,4,6,2024-07-01,95843.10000000003,101673.28201518665,5830.182015186612
full_run_stage1,A4,panel2_common_period,all_features,lightgbm,4,6,2024-10-01,111622.30000000002,111166.54980582108,-455.7501941789378
full_run_stage1,A4,panel2_common_period,all_features,lightgbm,4,6,2025-01-01,115136.6999999999,114161.24421867738,-975.455781322511
full_run_stage1,A4,panel2_common_period,all_features,catboost,1,0,2022-07-01,100142.10000000003,102435.12148602623,2293.0214860261913
full_run_stage1,A4,panel2_common_period,all_features,catboost,1,0,2022-10-01,109987.89999999998,117089.47251034931,7101.572510349331
full_run_stage1,A4,panel2_common_period,all_features,catboost,1,0,2023-01-01,109706.89999999992,115148.90569917897,5442.005699179048
full_run_stage1,A4,panel2_common_period,all_features,catboost,1,0,2023-04-01,95012.50000000006,103287.7817030883,8275.281703088243
full_run_stage1,A4,panel2_common_period,all_features,catboost,1,1,2023-07-01,92715.50000000001,97287.10482393336,4571.604823933347
full_run_stage1,A4,panel2_common_period,all_features,catboost,1,1,2023-10-01,106259.39999999992,105445.84236388069,-813.5576361192361
full_run_stage1,A4,panel2_common_period,all_features,catboost,1,1,2024-01-01,114491.90000000008,104540.65439033251,-9951.245609667574
full_run_stage1,A4,panel2_common_period,all_features,catboost,1,1,2024-04-01,98590.0,97874.69050201228,-715.3094979877205
full_run_stage1,A4,panel2_common_period,all_features,catboost,1,2,2024-07-01,95843.10000000003,106544.97640494836,10701.876404948329
full_run_stage1,A4,panel2_common_period,all_features,catboost,1,2,2024-10-01,111622.30000000002,110199.51996698136,-1422.7800330186583
full_run_stage1,A4,panel2_common_period,all_features,catboost,1,2,2025-01-01,115136.6999999999,110612.67454207588,-4524.025457924014
full_run_stage1,A4,panel2_common_period,all_features,catboost,2,3,2022-10-01,109987.89999999998,110169.87492012908,181.97492012909788
full_run_stage1,A4,panel2_common_period,all_features,catboost,2,3,2023-01-01,109706.89999999992,114831.91279013113,5125.012790131208
full_run_stage1,A4,panel2_common_period,all_features,catboost,2,3,2023-04-01,95012.50000000006,93635.98300234278,-1376.5169976572797
full_run_stage1,A4,panel2_common_period,all_features,catboost,2,3,2023-07-01,92715.50000000001,100020.85544690081,7305.355446900794
full_run_stage1,A4,panel2_common_period,all_features,catboost,2,4,2023-10-01,106259.39999999992,106481.97770899501,222.57770899508614
full_run_stage1,A4,panel2_common_period,all_features,catboost,2,4,2024-01-01,114491.90000000008,104980.13297756447,-9511.767022435612
full_run_stage1,A4,panel2_common_period,all_features,catboost,2,4,2024-04-01,98590.0,96940.26292463705,-1649.7370753629511
full_run_stage1,A4,panel2_common_period,all_features,catboost,2,4,2024-07-01,95843.10000000003,101039.28425838122,5196.184258381181
full_run_stage1,A4,panel2_common_period,all_features,catboost,4,5,2023-04-01,95012.50000000006,100503.68641147712,5491.186411477058
full_run_stage1,A4,panel2_common_period,all_features,catboost,4,5,2023-07-01,92715.50000000001,95899.30829525428,3183.808295254261
full_run_stage1,A4,panel2_common_period,all_features,catboost,4,5,2023-10-01,106259.39999999992,109961.59931399015,3702.1993139902333
full_run_stage1,A4,panel2_common_period,all_features,catboost,4,5,2024-01-01,114491.90000000008,108959.25105105032,-5532.648948949762
full_run_stage1,A4,panel2_common_period,all_features,catboost,4,6,2024-04-01,98590.0,100560.25968009469,1970.2596800946922
full_run_stage1,A4,panel2_common_period,all_features,catboost,4,6,2024-07-01,95843.10000000003,100395.38461453893,4552.28461453889
full_run_stage1,A4,panel2_common_period,all_features,catboost,4,6,2024-10-01,111622.30000000002,110054.89980955633,-1567.4001904436882
full_run_stage1,A4,panel2_common_period,all_features,catboost,4,6,2025-01-01,115136.6999999999,110489.97395664307,-4646.72604335683
full_run_stage1,A4,panel2_common_period,all_features,lstm,1,0,2022-07-01,100142.10000000003,104524.78125,4382.681249999965
full_run_stage1,A4,panel2_common_period,all_features,lstm,1,0,2022-10-01,109987.89999999998,110800.5546875,812.6546875000204
full_run_stage1,A4,panel2_common_period,all_features,lstm,1,0,2023-01-01,109706.89999999992,113241.671875,3534.7718750000786
full_run_stage1,A4,panel2_common_period,all_features,lstm,1,0,2023-04-01,95012.50000000006,101697.8359375,6685.335937499942
full_run_stage1,A4,panel2_common_period,all_features,lstm,1,1,2023-07-01,92715.50000000001,101389.2109375,8673.710937499985
full_run_stage1,A4,panel2_common_period,all_features,lstm,1,1,2023-10-01,106259.39999999992,108331.140625,2071.7406250000786
full_run_stage1,A4,panel2_common_period,all_features,lstm,1,1,2024-01-01,114491.90000000008,107418.109375,-7073.7906250000815
full_run_stage1,A4,panel2_common_period,all_features,lstm,1,1,2024-04-01,98590.0,101021.5703125,2431.5703125
full_run_stage1,A4,panel2_common_period,all_features,lstm,1,2,2024-07-01,95843.10000000003,91955.5,-3887.600000000035
full_run_stage1,A4,panel2_common_period,all_features,lstm,1,2,2024-10-01,111622.30000000002,97562.6328125,-14059.667187500017
full_run_stage1,A4,panel2_common_period,all_features,lstm,1,2,2025-01-01,115136.6999999999,100076.7578125,-15059.942187499895
full_run_stage1,A4,panel2_common_period,all_features,lstm,2,3,2022-10-01,109987.89999999998,112502.0625,2514.1625000000204
full_run_stage1,A4,panel2_common_period,all_features,lstm,2,3,2023-01-01,109706.89999999992,111598.25,1891.3500000000786
full_run_stage1,A4,panel2_common_period,all_features,lstm,2,3,2023-04-01,95012.50000000006,108736.15625,13723.656249999942
full_run_stage1,A4,panel2_common_period,all_features,lstm,2,3,2023-07-01,92715.50000000001,108097.1875,15381.687499999985
full_run_stage1,A4,panel2_common_period,all_features,lstm,2,4,2023-10-01,106259.39999999992,109849.53125,3590.1312500000786
full_run_stage1,A4,panel2_common_period,all_features,lstm,2,4,2024-01-01,114491.90000000008,110127.3984375,-4364.5015625000815
full_run_stage1,A4,panel2_common_period,all_features,lstm,2,4,2024-04-01,98590.0,104626.703125,6036.703125
full_run_stage1,A4,panel2_common_period,all_features,lstm,2,4,2024-07-01,95843.10000000003,104323.90625,8480.806249999965
full_run_stage1,A4,panel2_common_period,all_features,lstm,4,5,2023-04-01,95012.50000000006,100071.9921875,5059.492187499942
full_run_stage1,A4,panel2_common_period,all_features,lstm,4,5,2023-07-01,92715.50000000001,102175.7421875,9460.242187499985
full_run_stage1,A4,panel2_common_period,all_features,lstm,4,5,2023-10-01,106259.39999999992,106851.875,592.4750000000786
full_run_stage1,A4,panel2_common_period,all_features,lstm,4,5,2024-01-01,114491.90000000008,104293.0703125,-10198.829687500081
full_run_stage1,A4,panel2_common_period,all_features,lstm,4,6,2024-04-01,98590.0,93132.640625,-5457.359375
full_run_stage1,A4,panel2_common_period,all_features,lstm,4,6,2024-07-01,95843.10000000003,92921.40625,-2921.693750000035
full_run_stage1,A4,panel2_common_period,all_features,lstm,4,6,2024-10-01,111622.30000000002,97643.0390625,-13979.260937500017
full_run_stage1,A4,panel2_common_period,all_features,lstm,4,6,2025-01-01,115136.6999999999,94715.9921875,-20420.707812499895
