comparison,alternative,baseline,panel,model,fs_option,horizon,mae_alternative,mae_baseline,absolute_error_change,percentage_improvement,ci_low,ci_high,dm_statistic,dm_p_value,n_pairs,dm_p_value_bh
A2-A1,A2,A1,panel2_common_period,catboost,all_features,1,5198.105454267555,4777.08342484856,421.02202941899486,-8.813369832082047,-1867.0049221235145,2473.3620253912686,0.3611228125358555,0.725520235936679,11,0.9775297036541042
A2-A1,A2,A1,panel2_common_period,catboost,all_features,2,5257.933467476905,4122.803425909307,1135.1300415675978,-27.532965419452143,-977.4674809126128,3148.571754771607,2.4855496931666754,0.0418684750634266,8,0.3768162755708395
A2-A1,A2,A1,panel2_common_period,catboost,all_features,4,5377.185845624828,4726.147869339131,651.0379762856974,-13.775235017704462,-2513.046955724335,4040.7323934846536,0.4362955652361382,0.6757621168660273,8,0.9775297036541042
A2-A1,A2,A1,panel2_common_period,lightgbm,all_features,1,7773.638619258312,6025.958822940062,1747.6797963182498,-29.00251806675237,-1901.728842248237,5272.216550931739,0.9019456642775524,0.3882935726567496,11,0.9775297036541042
A2-A1,A2,A1,panel2_common_period,lightgbm,all_features,2,5414.767475862132,5565.998674041884,-151.23119817975203,2.717054153912182,-2088.108427658205,1745.2691328758235,-0.088509386980329,0.9319508076493352,8,0.9775297036541042
A2-A1,A2,A1,panel2_common_period,lightgbm,all_features,4,6224.177308138545,4144.823578795482,2079.353729343064,-50.16748456993048,-145.10461585173417,4133.256730477226,,,8,
A2-A1,A2,A1,panel2_common_period,lstm,all_features,1,5017.347727272736,7200.182670454516,-2182.83494318178,30.316382834825863,-4005.788043323851,-310.2448082385763,-2.13161011623648,0.0588613860554605,11,0.3973143558743586
A2-A1,A2,A1,panel2_common_period,lstm,all_features,2,4986.608203125019,7338.7421874999745,-2352.133984374956,32.0509145065939,-4660.14771484375,-57.89218749992961,-1.236761907715072,0.2560561803020258,8,0.9775297036541042
A2-A1,A2,A1,panel2_common_period,lstm,all_features,4,5828.448046875004,8110.137304687476,-2281.689257812472,28.13379320339875,-4751.487441406222,346.00957031255894,-1.045233776613628,0.3306602720059322,8,0.9775297036541042
A2-A1,A2,A1,panel2_common_period,random_forest,all_features,1,5059.114246501386,6006.79590968602,-947.6816631846332,15.776824740399237,-3561.8937172557244,1492.1407804197777,-0.6986249695551285,0.5007105075192517,11,0.9775297036541042
A2-A1,A2,A1,panel2_common_period,random_forest,all_features,2,5543.444353561967,5721.5992510629785,-178.15489750101187,3.1137255456665134,-3982.481883032192,3422.361005191591,-0.0856964585440914,0.9341073490001084,8,0.9775297036541042
A2-A1,A2,A1,panel2_common_period,random_forest,all_features,4,5241.602409587229,3426.8401512734763,1814.762258313753,-52.95730697095264,-132.18319005206962,3807.387382929946,0.7177571745919956,0.4961561380910768,8,0.9775297036541042
A2-A1,A2,A1,panel2_common_period,ridge,all_features,1,5732.884411144329,6953.423050624446,-1220.5386394801171,17.55306171642336,-2349.9172760251035,113.38032721079588,-1.8667115939470265,0.0915010032182468,11,0.4941054173785328
A2-A1,A2,A1,panel2_common_period,ridge,all_features,2,4204.478744429813,5478.375399039043,-1273.8966546092306,23.253182956989104,-2173.715424480055,-238.4242088172534,-2.514473676907828,0.0401334963501356,8,0.3768162755708395
A2-A1,A2,A1,panel2_common_period,ridge,all_features,4,6001.145728747768,7266.512449231992,-1265.366720484224,17.413673056019636,-2055.228298592016,-286.0835038826756,,,8,
A3-A1,A3,A1,panel2_common_period,catboost,all_features,1,4709.747339842081,4777.08342484856,-67.33608500647915,1.409564770341305,-2124.013378100772,2072.630666034452,-0.0590956983543229,0.9540401614575944,11,0.9775297036541042
A3-A1,A3,A1,panel2_common_period,catboost,all_features,2,4349.3270158585765,4122.803425909307,226.52358994926908,-5.494406755502975,-1752.174329182036,2195.8148496348053,0.1795671533922777,0.8625797184145565,8,0.9775297036541042
A3-A1,A3,A1,panel2_common_period,catboost,all_features,4,4307.369873017531,4726.147869339131,-418.7779963215999,8.860873758064592,-2598.72731764147,2147.7510321473137,-0.5574479290905239,0.5945899427265151,8,0.9775297036541042
A3-A1,A3,A1,panel2_common_period,lightgbm,all_features,1,2655.6686873421963,6025.958822940062,-3370.290135597866,55.92952482130475,-6116.3724378646175,-1052.6272857784763,-2.4214124956158414,0.0359746204168036,11,0.3768162755708395
A3-A1,A3,A1,panel2_common_period,lightgbm,all_features,2,4263.28872199971,5565.998674041884,-1302.7099520421743,23.404783729425148,-3383.63895656918,633.7109711544674,-2.4870691883516587,0.0417754323419088,8,0.3768162755708395
A3-A1,A3,A1,panel2_common_period,lightgbm,all_features,4,3557.5838082828777,4144.823578795482,-587.2397705126041,14.168028128310844,-5054.767718197697,3032.1322307571245,,,8,
A3-A1,A3,A1,panel2_common_period,lstm,all_features,1,7209.483096590879,7200.182670454516,9.300426136363969,-0.129169308086136,-579.0578480113637,587.8491477272719,0.0288784986570866,0.9775297036541042,11,0.9775297036541042
A3-A1,A3,A1,panel2_common_period,lstm,all_features,2,7209.6210937499745,7338.7421874999745,-129.12109375,1.7594444722411833,-567.5512695312499,292.9169921874998,-0.3848074227716277,0.7118045109442352,8,0.9775297036541042
A3-A1,A3,A1,panel2_common_period,lstm,all_features,4,8203.761328124976,8110.137304687476,93.6240234375,-1.1544073783237607,-102.20051269531244,306.9340332031249,0.5249884324018586,0.6158027133763655,8,0.9775297036541042
A3-A1,A3,A1,panel2_common_period,random_forest,all_features,1,4899.7018472109285,6006.79590968602,-1107.094062475091,18.430692154695823,-3291.889065905442,774.8864290594654,-0.9812900691505472,0.3495939738063358,11,0.9775297036541042
A3-A1,A3,A1,panel2_common_period,random_forest,all_features,2,5313.438244041332,5721.5992510629785,-408.1610070216466,7.133687437927727,-4414.057860428322,2719.8551759637794,-0.2965941387606062,0.7753832939290486,8,0.9775297036541042
A3-A1,A3,A1,panel2_common_period,random_forest,all_features,4,4613.769326256934,3426.8401512734763,1186.9291749834574,-34.63625738546261,-1234.8951670873037,4334.953117876081,1.0659006421951207,0.3218464732771358,8,0.9775297036541042
A3-A1,A3,A1,panel2_common_period,ridge,all_features,1,7020.546106557269,6953.423050624446,67.12305593282326,-0.9653239195160912,-2650.8066728321865,2866.7416965604834,0.0462884070542615,0.9639917296341864,11,0.9775297036541042
A3-A1,A3,A1,panel2_common_period,ridge,all_features,2,4254.897314766353,5478.375399039043,-1223.4780842726905,22.332863215019906,-2814.105570488806,323.63359168182853,-1.0735690313047337,0.3186242487631858,8,0.9775297036541042
A3-A1,A3,A1,panel2_common_period,ridge,all_features,4,6464.494917194084,7266.512449231992,-802.0175320379076,11.037172751595216,-1751.961538616379,129.9505279868499,-0.7642878545396843,0.4696700816561203,8,0.9775297036541042
A4-A2,A4,A2,panel2_common_period,catboost,all_features,1,5073.843714749245,5198.105454267555,-124.2617395183097,2.3905197886336254,-1234.1864960048276,1026.8805409740194,-0.196304777452706,0.8483035570629203,11,0.9775297036541042
A4-A2,A4,A2,panel2_common_period,catboost,all_features,2,3821.140777499151,5257.933467476905,-1436.792689977754,27.326186207282294,-3289.316259675099,356.3517492341107,-4.509188723270578,0.0027677083337167,8,0.1494562500207048
A4-A2,A4,A2,panel2_common_period,catboost,all_features,4,3830.814187263177,5377.185845624828,-1546.3716583616515,28.75801028189985,-4336.694568665633,1069.553642437872,-2.309895837431193,0.0541951110201655,8,0.3973143558743586
A4-A2,A4,A2,panel2_common_period,lightgbm,all_features,1,5580.795346548988,7773.638619258312,-2192.843272709324,28.208711262661502,-4318.592148701126,-194.91080671126923,-1.992094336891241,0.0743608572840948,11,0.4461651437045688
A4-A2,A4,A2,panel2_common_period,lightgbm,all_features,2,5770.985767255184,5414.767475862132,356.2182913930519,-6.578644290470391,-2268.412216395118,2520.084045533981,0.2082875658839686,0.8409352159343313,8,0.9775297036541042
A4-A2,A4,A2,panel2_common_period,lightgbm,all_features,4,3537.4326508062786,6224.177308138545,-2686.744657332267,43.16626156872429,-5474.518594776869,80.27222421822091,-1.0273190947494144,0.3384542195448863,8,0.9775297036541042
A4-A2,A4,A2,panel2_common_period,lstm,all_features,1,6243.042329545464,5017.347727272736,1225.694602272728,-24.429134054437466,-1183.271750710227,3989.327112926136,0.8540811198204642,0.4130520500906531,11,0.9775297036541042
A4-A2,A4,A2,panel2_common_period,lstm,all_features,2,6997.874804687519,4986.608203125019,2011.2666015625,-40.333359262154886,368.12045898437503,3520.025390625,1.5272143986192503,0.1705464036426074,8,0.7674588163917334
A4-A2,A4,A2,panel2_common_period,lstm,all_features,4,8511.257617187503,5828.448046875004,2682.809570312498,-46.02956994273836,-1873.5097656250005,7191.524243164062,0.4419656787228386,0.6718459250311932,8,0.9775297036541042
A4-A2,A4,A2,panel2_common_period,random_forest,all_features,1,4690.139974458237,5059.114246501386,-368.9742720431496,7.293258346524048,-938.6232245854158,189.30210602555783,-1.2531179124455878,0.2386707406946353,11,0.9775297036541042
A4-A2,A4,A2,panel2_common_period,random_forest,all_features,2,5379.135680908536,5543.444353561967,-164.30867265343113,2.964017714868082,-1171.3373831219135,757.9599512517417,-0.2811292146319333,0.7867396652086676,8,0.9775297036541042
A4-A2,A4,A2,panel2_common_period,random_forest,all_features,4,5683.839503078212,5241.602409587229,442.2370934909832,-8.437059107766414,-958.4653060865184,2217.822833867715,0.3469622678996936,0.7388166350235741,8,0.9775297036541042
A4-A2,A4,A2,panel2_common_period,ridge,all_features,1,5587.904717345684,5732.884411144329,-144.9796937986448,2.528913604412019,-2348.241361599332,2191.573166441517,-0.1229919317862028,0.9045502788501594,11,0.9775297036541042
A4-A2,A4,A2,panel2_common_period,ridge,all_features,2,3985.3499677983327,4204.478744429813,-219.12877663147992,5.211794135522426,-1647.938210992017,1268.7674427762347,-0.2345867848248886,0.8212434642557764,8,0.9775297036541042
A4-A2,A4,A2,panel2_common_period,ridge,all_features,4,5666.330711433855,6001.145728747768,-334.8150173139129,5.579184916473896,-952.091870458072,237.48700012022516,-0.7030416131160618,0.5047328917421954,8,0.9775297036541042
A4-A3,A4,A3,panel2_common_period,catboost,all_features,1,5073.843714749245,4709.747339842081,364.0963749071643,-7.730698668845632,-1598.3998704443902,2175.6814969670863,0.3556165446236375,0.7295148606240707,11,0.9775297036541042
A4-A3,A4,A3,panel2_common_period,catboost,all_features,2,3821.140777499151,4349.3270158585765,-528.1862383594253,12.144091176256586,-2730.127723680316,1442.8288082926886,-0.6619157948360149,0.5292052240395435,8,0.9775297036541042
A4-A3,A4,A3,panel2_common_period,catboost,all_features,4,3830.814187263177,4307.369873017531,-476.5556857543543,11.063727977938957,-2008.68244954722,708.7467861800965,-0.9087722559232124,0.3936822071040613,8,0.9775297036541042
A4-A3,A4,A3,panel2_common_period,lightgbm,all_features,1,5580.795346548988,2655.6686873421963,2925.126659206792,-110.14652065406058,80.72116151175837,6274.755146627629,1.7768670150953805,0.1059648431498965,11,0.5201910481904011
A4-A3,A4,A3,panel2_common_period,lightgbm,all_features,2,5770.985767255184,4263.28872199971,1507.6970452554742,-35.36464789436742,-1677.328619123265,5134.172235206134,0.5102688256642197,0.6255553385785104,8,0.9775297036541042
A4-A3,A4,A3,panel2_common_period,lightgbm,all_features,4,3537.4326508062786,3557.5838082828777,-20.15115747659911,0.5664281872905581,-2519.387103562631,2332.173218804144,,,8,
A4-A3,A4,A3,panel2_common_period,lstm,all_features,1,6243.042329545464,7209.483096590879,-966.4407670454156,13.405132574655912,-3205.9159090908897,1447.937475142103,-0.7612812619202629,0.4640632391182753,11,0.9775297036541042
A4-A3,A4,A3,panel2_common_period,lstm,all_features,2,6997.874804687519,7209.6210937499745,-211.7462890624556,2.936996082166074,-1788.640561523411,1173.6080322266016,-0.2954249590123916,0.7762398432911717,8,0.9775297036541042
A4-A3,A4,A3,panel2_common_period,lstm,all_features,4,8511.257617187503,8203.761328124976,307.49628906252656,-3.748235434499249,-2751.152539062463,3608.191274414061,0.1134630303378809,0.912849049500036,8,0.9775297036541042
A4-A3,A4,A3,panel2_common_period,random_forest,all_features,1,4690.139974458237,4899.7018472109285,-209.56187275269167,4.2770331601295535,-1796.8659794322225,1586.6819730442896,-0.2351930128925501,0.8188051874323345,11,0.9775297036541042
A4-A3,A4,A3,panel2_common_period,random_forest,all_features,2,5379.135680908536,5313.438244041332,65.69743686720358,-1.2364392668133273,-2571.282553398965,2317.2417349396933,0.0354633069448665,0.9727003994843596,8,0.9775297036541042
A4-A3,A4,A3,panel2_common_period,random_forest,all_features,4,5683.839503078212,4613.769326256934,1070.0701768212784,-23.19297089110016,-1204.258155550435,2876.163543027841,0.3891268112563689,0.7087486516712946,8,0.9775297036541042
A4-A3,A4,A3,panel2_common_period,ridge,all_features,1,5587.904717345684,7020.546106557269,-1432.6413892115852,20.406409522380063,-2405.132801461474,-225.50254162475,-2.477580982546716,0.032677913353142,11,0.3768162755708395
A4-A3,A4,A3,panel2_common_period,ridge,all_features,2,3985.3499677983327,4254.897314766353,-269.54734696802007,6.334990647895849,-1018.45775933474,563.2473016452277,,,8,
A4-A3,A4,A3,panel2_common_period,ridge,all_features,4,5666.330711433855,6464.494917194084,-798.1642057602294,12.346891999826534,-1539.6577477132366,-105.51007594784636,,,8,
